[{"model": "auth.permission", "pk": 1, "fields": {"name": "Can add permission", "content_type": 1, "codename": "add_permission"}}, {"model": "auth.permission", "pk": 2, "fields": {"name": "Can change permission", "content_type": 1, "codename": "change_permission"}}, {"model": "auth.permission", "pk": 3, "fields": {"name": "Can delete permission", "content_type": 1, "codename": "delete_permission"}}, {"model": "auth.permission", "pk": 4, "fields": {"name": "Can view permission", "content_type": 1, "codename": "view_permission"}}, {"model": "auth.permission", "pk": 5, "fields": {"name": "Can add group", "content_type": 2, "codename": "add_group"}}, {"model": "auth.permission", "pk": 6, "fields": {"name": "Can change group", "content_type": 2, "codename": "change_group"}}, {"model": "auth.permission", "pk": 7, "fields": {"name": "Can delete group", "content_type": 2, "codename": "delete_group"}}, {"model": "auth.permission", "pk": 8, "fields": {"name": "Can view group", "content_type": 2, "codename": "view_group"}}, {"model": "auth.permission", "pk": 9, "fields": {"name": "Can add content type", "content_type": 3, "codename": "add_contenttype"}}, {"model": "auth.permission", "pk": 10, "fields": {"name": "Can change content type", "content_type": 3, "codename": "change_contenttype"}}, {"model": "auth.permission", "pk": 11, "fields": {"name": "Can delete content type", "content_type": 3, "codename": "delete_contenttype"}}, {"model": "auth.permission", "pk": 12, "fields": {"name": "Can view content type", "content_type": 3, "codename": "view_contenttype"}}, {"model": "auth.permission", "pk": 13, "fields": {"name": "Can add session", "content_type": 4, "codename": "add_session"}}, {"model": "auth.permission", "pk": 14, "fields": {"name": "Can change session", "content_type": 4, "codename": "change_session"}}, {"model": "auth.permission", "pk": 15, "fields": {"name": "Can delete session", "content_type": 4, "codename": "delete_session"}}, {"model": "auth.permission", "pk": 16, "fields": {"name": "Can view session", "content_type": 4, "codename": "view_session"}}, {"model": "auth.permission", "pk": 17, "fields": {"name": "Can add bookmark", "content_type": 5, "codename": "add_bookmark"}}, {"model": "auth.permission", "pk": 18, "fields": {"name": "Can change bookmark", "content_type": 5, "codename": "change_bookmark"}}, {"model": "auth.permission", "pk": 19, "fields": {"name": "Can delete bookmark", "content_type": 5, "codename": "delete_bookmark"}}, {"model": "auth.permission", "pk": 20, "fields": {"name": "Can view bookmark", "content_type": 5, "codename": "view_bookmark"}}, {"model": "auth.permission", "pk": 21, "fields": {"name": "Can add pinned application", "content_type": 6, "codename": "add_pinnedapplication"}}, {"model": "auth.permission", "pk": 22, "fields": {"name": "Can change pinned application", "content_type": 6, "codename": "change_pinnedapplication"}}, {"model": "auth.permission", "pk": 23, "fields": {"name": "Can delete pinned application", "content_type": 6, "codename": "delete_pinnedapplication"}}, {"model": "auth.permission", "pk": 24, "fields": {"name": "Can view pinned application", "content_type": 6, "codename": "view_pinnedapplication"}}, {"model": "auth.permission", "pk": 25, "fields": {"name": "Can add log entry", "content_type": 7, "codename": "add_logentry"}}, {"model": "auth.permission", "pk": 26, "fields": {"name": "Can change log entry", "content_type": 7, "codename": "change_logentry"}}, {"model": "auth.permission", "pk": 27, "fields": {"name": "Can delete log entry", "content_type": 7, "codename": "delete_logentry"}}, {"model": "auth.permission", "pk": 28, "fields": {"name": "Can view log entry", "content_type": 7, "codename": "view_logentry"}}, {"model": "auth.permission", "pk": 29, "fields": {"name": "Can add Token", "content_type": 8, "codename": "add_token"}}, {"model": "auth.permission", "pk": 30, "fields": {"name": "Can change Token", "content_type": 8, "codename": "change_token"}}, {"model": "auth.permission", "pk": 31, "fields": {"name": "Can delete Token", "content_type": 8, "codename": "delete_token"}}, {"model": "auth.permission", "pk": 32, "fields": {"name": "Can view Token", "content_type": 8, "codename": "view_token"}}, {"model": "auth.permission", "pk": 33, "fields": {"name": "Can add token", "content_type": 9, "codename": "add_tokenproxy"}}, {"model": "auth.permission", "pk": 34, "fields": {"name": "Can change token", "content_type": 9, "codename": "change_tokenproxy"}}, {"model": "auth.permission", "pk": 35, "fields": {"name": "Can delete token", "content_type": 9, "codename": "delete_tokenproxy"}}, {"model": "auth.permission", "pk": 36, "fields": {"name": "Can view token", "content_type": 9, "codename": "view_tokenproxy"}}, {"model": "auth.permission", "pk": 37, "fields": {"name": "Can add Password Reset Token", "content_type": 10, "codename": "add_resetpasswordtoken"}}, {"model": "auth.permission", "pk": 38, "fields": {"name": "Can change Password Reset Token", "content_type": 10, "codename": "change_resetpasswordtoken"}}, {"model": "auth.permission", "pk": 39, "fields": {"name": "Can delete Password Reset Token", "content_type": 10, "codename": "delete_resetpasswordtoken"}}, {"model": "auth.permission", "pk": 40, "fields": {"name": "Can view Password Reset Token", "content_type": 10, "codename": "view_resetpasswordtoken"}}, {"model": "auth.permission", "pk": 41, "fields": {"name": "Can add source", "content_type": 11, "codename": "add_source"}}, {"model": "auth.permission", "pk": 42, "fields": {"name": "Can change source", "content_type": 11, "codename": "change_source"}}, {"model": "auth.permission", "pk": 43, "fields": {"name": "Can delete source", "content_type": 11, "codename": "delete_source"}}, {"model": "auth.permission", "pk": 44, "fields": {"name": "Can view source", "content_type": 11, "codename": "view_source"}}, {"model": "auth.permission", "pk": 45, "fields": {"name": "Can add thumbnail", "content_type": 12, "codename": "add_thumbnail"}}, {"model": "auth.permission", "pk": 46, "fields": {"name": "Can change thumbnail", "content_type": 12, "codename": "change_thumbnail"}}, {"model": "auth.permission", "pk": 47, "fields": {"name": "Can delete thumbnail", "content_type": 12, "codename": "delete_thumbnail"}}, {"model": "auth.permission", "pk": 48, "fields": {"name": "Can view thumbnail", "content_type": 12, "codename": "view_thumbnail"}}, {"model": "auth.permission", "pk": 49, "fields": {"name": "Can add thumbnail dimensions", "content_type": 13, "codename": "add_thumbnaildimensions"}}, {"model": "auth.permission", "pk": 50, "fields": {"name": "Can change thumbnail dimensions", "content_type": 13, "codename": "change_thumbnaildimensions"}}, {"model": "auth.permission", "pk": 51, "fields": {"name": "Can delete thumbnail dimensions", "content_type": 13, "codename": "delete_thumbnaildimensions"}}, {"model": "auth.permission", "pk": 52, "fields": {"name": "Can view thumbnail dimensions", "content_type": 13, "codename": "view_thumbnaildimensions"}}, {"model": "auth.permission", "pk": 53, "fields": {"name": "Can add association", "content_type": 14, "codename": "add_association"}}, {"model": "auth.permission", "pk": 54, "fields": {"name": "Can change association", "content_type": 14, "codename": "change_association"}}, {"model": "auth.permission", "pk": 55, "fields": {"name": "Can delete association", "content_type": 14, "codename": "delete_association"}}, {"model": "auth.permission", "pk": 56, "fields": {"name": "Can view association", "content_type": 14, "codename": "view_association"}}, {"model": "auth.permission", "pk": 57, "fields": {"name": "Can add code", "content_type": 15, "codename": "add_code"}}, {"model": "auth.permission", "pk": 58, "fields": {"name": "Can change code", "content_type": 15, "codename": "change_code"}}, {"model": "auth.permission", "pk": 59, "fields": {"name": "Can delete code", "content_type": 15, "codename": "delete_code"}}, {"model": "auth.permission", "pk": 60, "fields": {"name": "Can view code", "content_type": 15, "codename": "view_code"}}, {"model": "auth.permission", "pk": 61, "fields": {"name": "Can add nonce", "content_type": 16, "codename": "add_nonce"}}, {"model": "auth.permission", "pk": 62, "fields": {"name": "Can change nonce", "content_type": 16, "codename": "change_nonce"}}, {"model": "auth.permission", "pk": 63, "fields": {"name": "Can delete nonce", "content_type": 16, "codename": "delete_nonce"}}, {"model": "auth.permission", "pk": 64, "fields": {"name": "Can view nonce", "content_type": 16, "codename": "view_nonce"}}, {"model": "auth.permission", "pk": 65, "fields": {"name": "Can add user social auth", "content_type": 17, "codename": "add_usersocialauth"}}, {"model": "auth.permission", "pk": 66, "fields": {"name": "Can change user social auth", "content_type": 17, "codename": "change_usersocialauth"}}, {"model": "auth.permission", "pk": 67, "fields": {"name": "Can delete user social auth", "content_type": 17, "codename": "delete_usersocialauth"}}, {"model": "auth.permission", "pk": 68, "fields": {"name": "Can view user social auth", "content_type": 17, "codename": "view_usersocialauth"}}, {"model": "auth.permission", "pk": 69, "fields": {"name": "Can add partial", "content_type": 18, "codename": "add_partial"}}, {"model": "auth.permission", "pk": 70, "fields": {"name": "Can change partial", "content_type": 18, "codename": "change_partial"}}, {"model": "auth.permission", "pk": 71, "fields": {"name": "Can delete partial", "content_type": 18, "codename": "delete_partial"}}, {"model": "auth.permission", "pk": 72, "fields": {"name": "Can view partial", "content_type": 18, "codename": "view_partial"}}, {"model": "auth.permission", "pk": 73, "fields": {"name": "Can add attachment", "content_type": 19, "codename": "add_attachment"}}, {"model": "auth.permission", "pk": 74, "fields": {"name": "Can change attachment", "content_type": 19, "codename": "change_attachment"}}, {"model": "auth.permission", "pk": 75, "fields": {"name": "Can delete attachment", "content_type": 19, "codename": "delete_attachment"}}, {"model": "auth.permission", "pk": 76, "fields": {"name": "Can view attachment", "content_type": 19, "codename": "view_attachment"}}, {"model": "auth.permission", "pk": 77, "fields": {"name": "Can add crontab", "content_type": 20, "codename": "add_crontabschedule"}}, {"model": "auth.permission", "pk": 78, "fields": {"name": "Can change crontab", "content_type": 20, "codename": "change_crontabschedule"}}, {"model": "auth.permission", "pk": 79, "fields": {"name": "Can delete crontab", "content_type": 20, "codename": "delete_crontabschedule"}}, {"model": "auth.permission", "pk": 80, "fields": {"name": "Can view crontab", "content_type": 20, "codename": "view_crontabschedule"}}, {"model": "auth.permission", "pk": 81, "fields": {"name": "Can add interval", "content_type": 21, "codename": "add_intervalschedule"}}, {"model": "auth.permission", "pk": 82, "fields": {"name": "Can change interval", "content_type": 21, "codename": "change_intervalschedule"}}, {"model": "auth.permission", "pk": 83, "fields": {"name": "Can delete interval", "content_type": 21, "codename": "delete_intervalschedule"}}, {"model": "auth.permission", "pk": 84, "fields": {"name": "Can view interval", "content_type": 21, "codename": "view_intervalschedule"}}, {"model": "auth.permission", "pk": 85, "fields": {"name": "Can add periodic task", "content_type": 22, "codename": "add_periodictask"}}, {"model": "auth.permission", "pk": 86, "fields": {"name": "Can change periodic task", "content_type": 22, "codename": "change_periodictask"}}, {"model": "auth.permission", "pk": 87, "fields": {"name": "Can delete periodic task", "content_type": 22, "codename": "delete_periodictask"}}, {"model": "auth.permission", "pk": 88, "fields": {"name": "Can view periodic task", "content_type": 22, "codename": "view_periodictask"}}, {"model": "auth.permission", "pk": 89, "fields": {"name": "Can add periodic tasks", "content_type": 23, "codename": "add_periodictasks"}}, {"model": "auth.permission", "pk": 90, "fields": {"name": "Can change periodic tasks", "content_type": 23, "codename": "change_periodictasks"}}, {"model": "auth.permission", "pk": 91, "fields": {"name": "Can delete periodic tasks", "content_type": 23, "codename": "delete_periodictasks"}}, {"model": "auth.permission", "pk": 92, "fields": {"name": "Can view periodic tasks", "content_type": 23, "codename": "view_periodictasks"}}, {"model": "auth.permission", "pk": 93, "fields": {"name": "Can add solar event", "content_type": 24, "codename": "add_solarschedule"}}, {"model": "auth.permission", "pk": 94, "fields": {"name": "Can change solar event", "content_type": 24, "codename": "change_solarschedule"}}, {"model": "auth.permission", "pk": 95, "fields": {"name": "Can delete solar event", "content_type": 24, "codename": "delete_solarschedule"}}, {"model": "auth.permission", "pk": 96, "fields": {"name": "Can view solar event", "content_type": 24, "codename": "view_solarschedule"}}, {"model": "auth.permission", "pk": 97, "fields": {"name": "Can add clocked", "content_type": 25, "codename": "add_clockedschedule"}}, {"model": "auth.permission", "pk": 98, "fields": {"name": "Can change clocked", "content_type": 25, "codename": "change_clockedschedule"}}, {"model": "auth.permission", "pk": 99, "fields": {"name": "Can delete clocked", "content_type": 25, "codename": "delete_clockedschedule"}}, {"model": "auth.permission", "pk": 100, "fields": {"name": "Can view clocked", "content_type": 25, "codename": "view_clockedschedule"}}, {"model": "auth.permission", "pk": 101, "fields": {"name": "Can add test model", "content_type": 26, "codename": "add_testmodel"}}, {"model": "auth.permission", "pk": 102, "fields": {"name": "Can change test model", "content_type": 26, "codename": "change_testmodel"}}, {"model": "auth.permission", "pk": 103, "fields": {"name": "Can delete test model", "content_type": 26, "codename": "delete_testmodel"}}, {"model": "auth.permission", "pk": 104, "fields": {"name": "Can view test model", "content_type": 26, "codename": "view_testmodel"}}, {"model": "auth.permission", "pk": 105, "fields": {"name": "Can add file", "content_type": 27, "codename": "add_file"}}, {"model": "auth.permission", "pk": 106, "fields": {"name": "Can change file", "content_type": 27, "codename": "change_file"}}, {"model": "auth.permission", "pk": 107, "fields": {"name": "Can delete file", "content_type": 27, "codename": "delete_file"}}, {"model": "auth.permission", "pk": 108, "fields": {"name": "Can view file", "content_type": 27, "codename": "view_file"}}, {"model": "auth.permission", "pk": 109, "fields": {"name": "Can add user", "content_type": 28, "codename": "add_user"}}, {"model": "auth.permission", "pk": 110, "fields": {"name": "Can change user", "content_type": 28, "codename": "change_user"}}, {"model": "auth.permission", "pk": 111, "fields": {"name": "Can delete user", "content_type": 28, "codename": "delete_user"}}, {"model": "auth.permission", "pk": 112, "fields": {"name": "Can view user", "content_type": 28, "codename": "view_user"}}, {"model": "auth.permission", "pk": 113, "fields": {"name": "Can add appointment", "content_type": 29, "codename": "add_appointment"}}, {"model": "auth.permission", "pk": 114, "fields": {"name": "Can change appointment", "content_type": 29, "codename": "change_appointment"}}, {"model": "auth.permission", "pk": 115, "fields": {"name": "Can delete appointment", "content_type": 29, "codename": "delete_appointment"}}, {"model": "auth.permission", "pk": 116, "fields": {"name": "Can view appointment", "content_type": 29, "codename": "view_appointment"}}, {"model": "auth.permission", "pk": 117, "fields": {"name": "Can add city", "content_type": 30, "codename": "add_city"}}, {"model": "auth.permission", "pk": 118, "fields": {"name": "Can change city", "content_type": 30, "codename": "change_city"}}, {"model": "auth.permission", "pk": 119, "fields": {"name": "Can delete city", "content_type": 30, "codename": "delete_city"}}, {"model": "auth.permission", "pk": 120, "fields": {"name": "Can view city", "content_type": 30, "codename": "view_city"}}, {"model": "auth.permission", "pk": 121, "fields": {"name": "Can add country", "content_type": 31, "codename": "add_country"}}, {"model": "auth.permission", "pk": 122, "fields": {"name": "Can change country", "content_type": 31, "codename": "change_country"}}, {"model": "auth.permission", "pk": 123, "fields": {"name": "Can delete country", "content_type": 31, "codename": "delete_country"}}, {"model": "auth.permission", "pk": 124, "fields": {"name": "Can view country", "content_type": 31, "codename": "view_country"}}, {"model": "auth.permission", "pk": 125, "fields": {"name": "Can add lab", "content_type": 32, "codename": "add_lab"}}, {"model": "auth.permission", "pk": 126, "fields": {"name": "Can change lab", "content_type": 32, "codename": "change_lab"}}, {"model": "auth.permission", "pk": 127, "fields": {"name": "Can delete lab", "content_type": 32, "codename": "delete_lab"}}, {"model": "auth.permission", "pk": 128, "fields": {"name": "Can view lab", "content_type": 32, "codename": "view_lab"}}, {"model": "auth.permission", "pk": 129, "fields": {"name": "Can add type", "content_type": 33, "codename": "add_type"}}, {"model": "auth.permission", "pk": 130, "fields": {"name": "Can change type", "content_type": 33, "codename": "change_type"}}, {"model": "auth.permission", "pk": 131, "fields": {"name": "Can delete type", "content_type": 33, "codename": "delete_type"}}, {"model": "auth.permission", "pk": 132, "fields": {"name": "Can view type", "content_type": 33, "codename": "view_type"}}, {"model": "auth.permission", "pk": 133, "fields": {"name": "Can add user rating", "content_type": 34, "codename": "add_userrating"}}, {"model": "auth.permission", "pk": 134, "fields": {"name": "Can change user rating", "content_type": 34, "codename": "change_userrating"}}, {"model": "auth.permission", "pk": 135, "fields": {"name": "Can delete user rating", "content_type": 34, "codename": "delete_userrating"}}, {"model": "auth.permission", "pk": 136, "fields": {"name": "Can view user rating", "content_type": 34, "codename": "view_userrating"}}, {"model": "auth.permission", "pk": 137, "fields": {"name": "Can add service", "content_type": 35, "codename": "add_service"}}, {"model": "auth.permission", "pk": 138, "fields": {"name": "Can change service", "content_type": 35, "codename": "change_service"}}, {"model": "auth.permission", "pk": 139, "fields": {"name": "Can delete service", "content_type": 35, "codename": "delete_service"}}, {"model": "auth.permission", "pk": 140, "fields": {"name": "Can view service", "content_type": 35, "codename": "view_service"}}, {"model": "auth.permission", "pk": 141, "fields": {"name": "Can add result", "content_type": 36, "codename": "add_result"}}, {"model": "auth.permission", "pk": 142, "fields": {"name": "Can change result", "content_type": 36, "codename": "change_result"}}, {"model": "auth.permission", "pk": 143, "fields": {"name": "Can delete result", "content_type": 36, "codename": "delete_result"}}, {"model": "auth.permission", "pk": 144, "fields": {"name": "Can view result", "content_type": 36, "codename": "view_result"}}, {"model": "auth.permission", "pk": 145, "fields": {"name": "Can add notification", "content_type": 37, "codename": "add_notification"}}, {"model": "auth.permission", "pk": 146, "fields": {"name": "Can change notification", "content_type": 37, "codename": "change_notification"}}, {"model": "auth.permission", "pk": 147, "fields": {"name": "Can delete notification", "content_type": 37, "codename": "delete_notification"}}, {"model": "auth.permission", "pk": 148, "fields": {"name": "Can view notification", "content_type": 37, "codename": "view_notification"}}, {"model": "auth.permission", "pk": 149, "fields": {"name": "Can add lab service", "content_type": 38, "codename": "add_labservice"}}, {"model": "auth.permission", "pk": 150, "fields": {"name": "Can change lab service", "content_type": 38, "codename": "change_labservice"}}, {"model": "auth.permission", "pk": 151, "fields": {"name": "Can delete lab service", "content_type": 38, "codename": "delete_labservice"}}, {"model": "auth.permission", "pk": 152, "fields": {"name": "Can view lab service", "content_type": 38, "codename": "view_labservice"}}, {"model": "contenttypes.contenttype", "pk": 1, "fields": {"app_label": "auth", "model": "permission"}}, {"model": "contenttypes.contenttype", "pk": 2, "fields": {"app_label": "auth", "model": "group"}}, {"model": "contenttypes.contenttype", "pk": 3, "fields": {"app_label": "contenttypes", "model": "contenttype"}}, {"model": "contenttypes.contenttype", "pk": 4, "fields": {"app_label": "sessions", "model": "session"}}, {"model": "contenttypes.contenttype", "pk": 5, "fields": {"app_label": "jet", "model": "bookmark"}}, {"model": "contenttypes.contenttype", "pk": 6, "fields": {"app_label": "jet", "model": "pinnedapplication"}}, {"model": "contenttypes.contenttype", "pk": 7, "fields": {"app_label": "admin", "model": "logentry"}}, {"model": "contenttypes.contenttype", "pk": 8, "fields": {"app_label": "authtoken", "model": "token"}}, {"model": "contenttypes.contenttype", "pk": 9, "fields": {"app_label": "authtoken", "model": "tokenproxy"}}, {"model": "contenttypes.contenttype", "pk": 10, "fields": {"app_label": "django_rest_passwordreset", "model": "resetpasswordtoken"}}, {"model": "contenttypes.contenttype", "pk": 11, "fields": {"app_label": "easy_thumbnails", "model": "source"}}, {"model": "contenttypes.contenttype", "pk": 12, "fields": {"app_label": "easy_thumbnails", "model": "thumbnail"}}, {"model": "contenttypes.contenttype", "pk": 13, "fields": {"app_label": "easy_thumbnails", "model": "thumbnaildimensions"}}, {"model": "contenttypes.contenttype", "pk": 14, "fields": {"app_label": "social_django", "model": "association"}}, {"model": "contenttypes.contenttype", "pk": 15, "fields": {"app_label": "social_django", "model": "code"}}, {"model": "contenttypes.contenttype", "pk": 16, "fields": {"app_label": "social_django", "model": "nonce"}}, {"model": "contenttypes.contenttype", "pk": 17, "fields": {"app_label": "social_django", "model": "usersocialauth"}}, {"model": "contenttypes.contenttype", "pk": 18, "fields": {"app_label": "social_django", "model": "partial"}}, {"model": "contenttypes.contenttype", "pk": 19, "fields": {"app_label": "django_summernote", "model": "attachment"}}, {"model": "contenttypes.contenttype", "pk": 20, "fields": {"app_label": "django_celery_beat", "model": "crontabschedule"}}, {"model": "contenttypes.contenttype", "pk": 21, "fields": {"app_label": "django_celery_beat", "model": "intervalschedule"}}, {"model": "contenttypes.contenttype", "pk": 22, "fields": {"app_label": "django_celery_beat", "model": "periodictask"}}, {"model": "contenttypes.contenttype", "pk": 23, "fields": {"app_label": "django_celery_beat", "model": "periodictasks"}}, {"model": "contenttypes.contenttype", "pk": 24, "fields": {"app_label": "django_celery_beat", "model": "solarschedule"}}, {"model": "contenttypes.contenttype", "pk": 25, "fields": {"app_label": "django_celery_beat", "model": "clockedschedule"}}, {"model": "contenttypes.contenttype", "pk": 26, "fields": {"app_label": "db", "model": "testmodel"}}, {"model": "contenttypes.contenttype", "pk": 27, "fields": {"app_label": "files", "model": "file"}}, {"model": "contenttypes.contenttype", "pk": 28, "fields": {"app_label": "bhealthapp", "model": "user"}}, {"model": "contenttypes.contenttype", "pk": 29, "fields": {"app_label": "bhealthapp", "model": "appointment"}}, {"model": "contenttypes.contenttype", "pk": 30, "fields": {"app_label": "bhealthapp", "model": "city"}}, {"model": "contenttypes.contenttype", "pk": 31, "fields": {"app_label": "bhealthapp", "model": "country"}}, {"model": "contenttypes.contenttype", "pk": 32, "fields": {"app_label": "bhealthapp", "model": "lab"}}, {"model": "contenttypes.contenttype", "pk": 33, "fields": {"app_label": "bhealthapp", "model": "type"}}, {"model": "contenttypes.contenttype", "pk": 34, "fields": {"app_label": "bhealthapp", "model": "userrating"}}, {"model": "contenttypes.contenttype", "pk": 35, "fields": {"app_label": "bhealthapp", "model": "service"}}, {"model": "contenttypes.contenttype", "pk": 36, "fields": {"app_label": "bhealthapp", "model": "result"}}, {"model": "contenttypes.contenttype", "pk": 37, "fields": {"app_label": "bhealthapp", "model": "notification"}}, {"model": "contenttypes.contenttype", "pk": 38, "fields": {"app_label": "bhealthapp", "model": "labservice"}}, {"model": "django_celery_beat.crontabschedule", "pk": 1, "fields": {"minute": "0", "hour": "4", "day_of_week": "*", "day_of_month": "*", "month_of_year": "*", "timezone": "UTC"}}, {"model": "django_celery_beat.periodictasks", "pk": 1, "fields": {"last_update": "2023-03-20T17:26:56.033Z"}}, {"model": "django_celery_beat.periodictask", "pk": 1, "fields": {"name": "celery.backend_cleanup", "task": "celery.backend_cleanup", "interval": null, "crontab": 1, "solar": null, "clocked": null, "args": "[]", "kwargs": "{}", "queue": null, "exchange": null, "routing_key": null, "headers": "{}", "priority": null, "expires": null, "expire_seconds": 43200, "one_off": false, "start_time": null, "enabled": true, "last_run_at": null, "total_run_count": 0, "date_changed": "2023-03-20T17:26:56.035Z", "description": ""}}, {"model": "bhealthapp.country", "pk": 1, "fields": {"name": "Bosnia and Herzegovina"}}, {"model": "bhealthapp.city", "pk": 1, "fields": {"name": "Sarajevo", "country": 1, "postal_code": 71000}}, {"model": "bhealthapp.city", "pk": 2, "fields": {"name": "Xinye", "country": 1, "postal_code": 49}}, {"model": "bhealthapp.city", "pk": 3, "fields": {"name": "Araras", "country": 1, "postal_code": 1}}, {"model": "bhealthapp.city", "pk": 4, "fields": {"name": "Siaton", "country": 1, "postal_code": 6}}, {"model": "bhealthapp.city", "pk": 5, "fields": {"name": "Fort-de-France", "country": 1, "postal_code": 5}}, {"model": "bhealthapp.city", "pk": 6, "fields": {"name": "Saipan", "country": 1, "postal_code": 6}}, {"model": "bhealthapp.city", "pk": 7, "fields": {"name": "Kunwi", "country": 1, "postal_code": 53174}}, {"model": "bhealthapp.city", "pk": 8, "fields": {"name": "Sewon", "country": 1, "postal_code": 921}}, {"model": "bhealthapp.city", "pk": 9, "fields": {"name": "Peicheng", "country": 1, "postal_code": 48}}, {"model": "bhealthapp.city", "pk": 10, "fields": {"name": "Petäjävesi", "country": 1, "postal_code": 7237}}, {"model": "bhealthapp.city", "pk": 11, "fields": {"name": "Liliana", "country": 1, "postal_code": 50926}}, {"model": "bhealthapp.city", "pk": 12, "fields": {"name": "Malveira", "country": 1, "postal_code": 85}}, {"model": "bhealthapp.city", "pk": 13, "fields": {"name": "Yingchuan", "country": 1, "postal_code": 59}}, {"model": "bhealthapp.city", "pk": 14, "fields": {"name": "Leiling", "country": 1, "postal_code": 13}}, {"model": "bhealthapp.city", "pk": 15, "fields": {"name": "Limoeiro do Norte", "country": 1, "postal_code": 5}}, {"model": "bhealthapp.city", "pk": 16, "fields": {"name": "An Nāşirah", "country": 1, "postal_code": 165}}, {"model": "bhealthapp.city", "pk": 17, "fields": {"name": "Lenchwe Le Tau", "country": 1, "postal_code": 52884}}, {"model": "bhealthapp.city", "pk": 18, "fields": {"name": "Erie", "country": 1, "postal_code": 1}}, {"model": "bhealthapp.city", "pk": 19, "fields": {"name": "Garbolovo", "country": 1, "postal_code": 2}}, {"model": "bhealthapp.city", "pk": 20, "fields": {"name": "Providencia", "country": 1, "postal_code": 10}}, {"model": "bhealthapp.city", "pk": 21, "fields": {"name": "Varna", "country": 1, "postal_code": 6}}, {"model": "bhealthapp.city", "pk": 22, "fields": {"name": "Sangat", "country": 1, "postal_code": 4}}, {"model": "bhealthapp.city", "pk": 23, "fields": {"name": "Voronezh", "country": 1, "postal_code": 47855}}, {"model": "bhealthapp.city", "pk": 24, "fields": {"name": "Hejiadong", "country": 1, "postal_code": 72}}, {"model": "bhealthapp.city", "pk": 25, "fields": {"name": "Gitega", "country": 1, "postal_code": 68}}, {"model": "bhealthapp.city", "pk": 26, "fields": {"name": "Pojan", "country": 1, "postal_code": 95}}, {"model": "bhealthapp.city", "pk": 27, "fields": {"name": "Glondong", "country": 1, "postal_code": 6945}}, {"model": "bhealthapp.city", "pk": 28, "fields": {"name": "Atikokan", "country": 1, "postal_code": 3881}}, {"model": "bhealthapp.city", "pk": 29, "fields": {"name": "Kunri", "country": 1, "postal_code": 6}}, {"model": "bhealthapp.city", "pk": 30, "fields": {"name": "La Huerta", "country": 1, "postal_code": 83}}, {"model": "bhealthapp.city", "pk": 31, "fields": {"name": "Mamoudzou", "country": 1, "postal_code": 1638}}, {"model": "bhealthapp.city", "pk": 32, "fields": {"name": "Al Qamşīyah", "country": 1, "postal_code": 6}}, {"model": "bhealthapp.city", "pk": 33, "fields": {"name": "Enschede", "country": 1, "postal_code": 21354}}, {"model": "bhealthapp.city", "pk": 34, "fields": {"name": "Duma", "country": 1, "postal_code": 91}}, {"model": "bhealthapp.city", "pk": 35, "fields": {"name": "Loughrea", "country": 1, "postal_code": 61}}, {"model": "bhealthapp.city", "pk": 36, "fields": {"name": "Banqiao", "country": 1, "postal_code": 91850}}, {"model": "bhealthapp.city", "pk": 37, "fields": {"name": "Allentown", "country": 1, "postal_code": 89}}, {"model": "bhealthapp.city", "pk": 38, "fields": {"name": "Tadrart", "country": 1, "postal_code": 30}}, {"model": "bhealthapp.city", "pk": 39, "fields": {"name": "Loa Janan", "country": 1, "postal_code": 6}}, {"model": "bhealthapp.city", "pk": 40, "fields": {"name": "Belén de los Andaquíes", "country": 1, "postal_code": 27931}}, {"model": "bhealthapp.city", "pk": 41, "fields": {"name": "Gondanglegi Wetan", "country": 1, "postal_code": 82}}, {"model": "bhealthapp.city", "pk": 42, "fields": {"name": "Machado", "country": 1, "postal_code": 1}}, {"model": "bhealthapp.city", "pk": 43, "fields": {"name": "Heping", "country": 1, "postal_code": 41}}, {"model": "bhealthapp.city", "pk": 44, "fields": {"name": "Yŏnggwang-ŭp", "country": 1, "postal_code": 8287}}, {"model": "bhealthapp.city", "pk": 45, "fields": {"name": "Qianjin", "country": 1, "postal_code": 5925}}, {"model": "bhealthapp.city", "pk": 46, "fields": {"name": "Mabilang", "country": 1, "postal_code": 2}}, {"model": "bhealthapp.city", "pk": 47, "fields": {"name": "Plumbangan", "country": 1, "postal_code": 329}}, {"model": "bhealthapp.city", "pk": 48, "fields": {"name": "Olkusz", "country": 1, "postal_code": 4}}, {"model": "bhealthapp.city", "pk": 49, "fields": {"name": "Tsaghkunk’", "country": 1, "postal_code": 4101}}, {"model": "bhealthapp.city", "pk": 50, "fields": {"name": "Kaduengang", "country": 1, "postal_code": 58}}, {"model": "bhealthapp.city", "pk": 51, "fields": {"name": "Boston", "country": 1, "postal_code": 24}}, {"model": "bhealthapp.city", "pk": 52, "fields": {"name": "Pontevedra", "country": 1, "postal_code": 5435}}, {"model": "bhealthapp.city", "pk": 53, "fields": {"name": "Kilcullen", "country": 1, "postal_code": 86067}}, {"model": "bhealthapp.city", "pk": 54, "fields": {"name": "Pravda", "country": 1, "postal_code": 83}}, {"model": "bhealthapp.city", "pk": 55, "fields": {"name": "Karamat", "country": 1, "postal_code": 812}}, {"model": "bhealthapp.city", "pk": 56, "fields": {"name": "Zhongba", "country": 1, "postal_code": 5}}, {"model": "bhealthapp.city", "pk": 57, "fields": {"name": "Sumanding", "country": 1, "postal_code": 840}}, {"model": "bhealthapp.city", "pk": 58, "fields": {"name": "Lidköping", "country": 1, "postal_code": 8}}, {"model": "bhealthapp.city", "pk": 59, "fields": {"name": "Wleń", "country": 1, "postal_code": 1236}}, {"model": "bhealthapp.city", "pk": 60, "fields": {"name": "Zhumadian", "country": 1, "postal_code": 77}}, {"model": "bhealthapp.city", "pk": 61, "fields": {"name": "Celje", "country": 1, "postal_code": 862}}, {"model": "bhealthapp.city", "pk": 62, "fields": {"name": "Cahul", "country": 1, "postal_code": 164}}, {"model": "bhealthapp.city", "pk": 63, "fields": {"name": "Haodi", "country": 1, "postal_code": 25427}}, {"model": "bhealthapp.city", "pk": 64, "fields": {"name": "Guotan", "country": 1, "postal_code": 26}}, {"model": "bhealthapp.city", "pk": 65, "fields": {"name": "Ouro Preto do Oeste", "country": 1, "postal_code": 4315}}, {"model": "bhealthapp.city", "pk": 66, "fields": {"name": "Lanling", "country": 1, "postal_code": 749}}, {"model": "bhealthapp.city", "pk": 67, "fields": {"name": "Pingshan", "country": 1, "postal_code": 2280}}, {"model": "bhealthapp.city", "pk": 68, "fields": {"name": "Viedma", "country": 1, "postal_code": 38}}, {"model": "bhealthapp.city", "pk": 69, "fields": {"name": "Guancangping", "country": 1, "postal_code": 199}}, {"model": "bhealthapp.city", "pk": 70, "fields": {"name": "Guri i Zi", "country": 1, "postal_code": 9253}}, {"model": "bhealthapp.city", "pk": 71, "fields": {"name": "Ullulluco", "country": 1, "postal_code": 3835}}, {"model": "bhealthapp.city", "pk": 72, "fields": {"name": "Cacheu", "country": 1, "postal_code": 317}}, {"model": "bhealthapp.city", "pk": 73, "fields": {"name": "Milton", "country": 1, "postal_code": 70782}}, {"model": "bhealthapp.city", "pk": 74, "fields": {"name": "Gaojian", "country": 1, "postal_code": 3}}, {"model": "bhealthapp.city", "pk": 75, "fields": {"name": "Pengshi", "country": 1, "postal_code": 9658}}, {"model": "bhealthapp.city", "pk": 76, "fields": {"name": "Bobadela", "country": 1, "postal_code": 5}}, {"model": "bhealthapp.city", "pk": 77, "fields": {"name": "Ngeni", "country": 1, "postal_code": 356}}, {"model": "bhealthapp.city", "pk": 78, "fields": {"name": "‘Ayn an Nasr", "country": 1, "postal_code": 2697}}, {"model": "bhealthapp.city", "pk": 79, "fields": {"name": "Clermont-Ferrand", "country": 1, "postal_code": 492}}, {"model": "bhealthapp.city", "pk": 80, "fields": {"name": "Kerċem", "country": 1, "postal_code": 55}}, {"model": "bhealthapp.city", "pk": 81, "fields": {"name": "Seltjarnarnes", "country": 1, "postal_code": 7203}}, {"model": "bhealthapp.city", "pk": 82, "fields": {"name": "Huanggang", "country": 1, "postal_code": 6}}, {"model": "bhealthapp.city", "pk": 83, "fields": {"name": "Potęgowo", "country": 1, "postal_code": 58212}}, {"model": "bhealthapp.city", "pk": 84, "fields": {"name": "Al Badārī", "country": 1, "postal_code": 92}}, {"model": "bhealthapp.city", "pk": 85, "fields": {"name": "Ozorków", "country": 1, "postal_code": 46965}}, {"model": "bhealthapp.city", "pk": 86, "fields": {"name": "Jingtailu", "country": 1, "postal_code": 964}}, {"model": "bhealthapp.city", "pk": 87, "fields": {"name": "Kukuna", "country": 1, "postal_code": 61500}}, {"model": "bhealthapp.city", "pk": 88, "fields": {"name": "Carolina", "country": 1, "postal_code": 8478}}, {"model": "bhealthapp.city", "pk": 89, "fields": {"name": "Barão de Melgaço", "country": 1, "postal_code": 2}}, {"model": "bhealthapp.city", "pk": 90, "fields": {"name": "Meitang", "country": 1, "postal_code": 7599}}, {"model": "bhealthapp.city", "pk": 91, "fields": {"name": "Podu", "country": 1, "postal_code": 35887}}, {"model": "bhealthapp.city", "pk": 92, "fields": {"name": "Bondo", "country": 1, "postal_code": 89}}, {"model": "bhealthapp.city", "pk": 93, "fields": {"name": "Wanjia", "country": 1, "postal_code": 80}}, {"model": "bhealthapp.city", "pk": 94, "fields": {"name": "Pitogo", "country": 1, "postal_code": 42}}, {"model": "bhealthapp.city", "pk": 95, "fields": {"name": "Campo Viera", "country": 1, "postal_code": 6}}, {"model": "bhealthapp.city", "pk": 96, "fields": {"name": "Hörby", "country": 1, "postal_code": 6334}}, {"model": "bhealthapp.city", "pk": 97, "fields": {"name": "La Maná", "country": 1, "postal_code": 21177}}, {"model": "bhealthapp.city", "pk": 98, "fields": {"name": "Annau", "country": 1, "postal_code": 108}}, {"model": "bhealthapp.city", "pk": 99, "fields": {"name": "Littleton", "country": 1, "postal_code": 4}}, {"model": "bhealthapp.city", "pk": 100, "fields": {"name": "Buray", "country": 1, "postal_code": 82134}}, {"model": "bhealthapp.city", "pk": 101, "fields": {"name": "Sarajevo", "country": 1, "postal_code": 71000}}, {"model": "bhealthapp.city", "pk": 102, "fields": {"name": "Buzovna", "country": 1, "postal_code": 5366}}, {"model": "bhealthapp.user", "pk": 1, "fields": {"last_login": "2022-12-21T00:00:00Z", "is_superuser": false, "first_name": "Trace", "last_name": "Karsh", "is_staff": false, "is_active": false, "date_joined": "2022-06-22T00:00:00Z", "username": "tkarsh0", "profile_picture": "http://dummyimage.com/235x100.png/5fa2dd/ffffff", "profile_link": "http://dummyimage.com/198x100.png/cc0000/ffffff", "password": "bibGNrwPdH", "phone_number": "371-613-7452", "email": "tkarsh0@telegraph.co.uk", "dob": "2022-07-13T00:00:00Z", "address": "92404 Forest Run Park", "city": 101, "is_blocked": true, "is_email_verified": false, "gender": 1, "groups": [], "user_permissions": []}}, {"model": "bhealthapp.user", "pk": 3, "fields": {"last_login": "2022-07-27T00:00:00Z", "is_superuser": true, "first_name": "Lonnie", "last_name": "Menhenitt", "is_staff": true, "is_active": true, "date_joined": "2022-10-20T00:00:00Z", "username": "lmenhenitt2", "profile_picture": "http://dummyimage.com/198x100.png/5fa2dd/ffffff", "profile_link": "http://dummyimage.com/190x100.png/dddddd/000000", "password": "NDXoagM", "phone_number": "623-193-8868", "email": "lmenhenitt2@utexas.edu", "dob": "2022-03-25T00:00:00Z", "address": "26351 Montana Alley", "city": 101, "is_blocked": false, "is_email_verified": true, "gender": 1, "groups": [], "user_permissions": []}}, {"model": "bhealthapp.user", "pk": 4, "fields": {"last_login": "2022-04-08T00:00:00Z", "is_superuser": true, "first_name": "Vic", "last_name": "Aldersey", "is_staff": false, "is_active": true, "date_joined": "2022-10-20T00:00:00Z", "username": "valdersey3", "profile_picture": "http://dummyimage.com/180x100.png/ff4444/ffffff", "profile_link": "http://dummyimage.com/138x100.png/dddddd/000000", "password": "NJYa3nWNl", "phone_number": "717-753-0391", "email": "valdersey3@hexun.com", "dob": "2022-07-27T00:00:00Z", "address": "08958 Brickson Park Pass", "city": 69, "is_blocked": false, "is_email_verified": true, "gender": 1, "groups": [], "user_permissions": []}}, {"model": "bhealthapp.user", "pk": 5, "fields": {"last_login": "2023-03-03T00:00:00Z", "is_superuser": false, "first_name": "Adi", "last_name": "Ricks", "is_staff": true, "is_active": false, "date_joined": "2022-10-25T00:00:00Z", "username": "aricks4", "profile_picture": "http://dummyimage.com/153x100.png/ff4444/ffffff", "profile_link": "http://dummyimage.com/202x100.png/dddddd/000000", "password": "hr9DpdE6em", "phone_number": "967-611-1031", "email": "aricks4@amazon.com", "dob": "2022-12-10T00:00:00Z", "address": "1 Browning Hill", "city": 93, "is_blocked": true, "is_email_verified": false, "gender": 1, "groups": [], "user_permissions": []}}, {"model": "bhealthapp.user", "pk": 6, "fields": {"last_login": "2022-11-16T00:00:00Z", "is_superuser": true, "first_name": "Corina", "last_name": "Budgeon", "is_staff": true, "is_active": true, "date_joined": "2022-10-15T00:00:00Z", "username": "cbudgeon5", "profile_picture": "http://dummyimage.com/234x100.png/cc0000/ffffff", "profile_link": "http://dummyimage.com/126x100.png/ff4444/ffffff", "password": "bcGDwZgyUlPA", "phone_number": "241-773-2831", "email": "cbudgeon5@dell.com", "dob": "2022-09-21T00:00:00Z", "address": "31077 Shopko Circle", "city": 8, "is_blocked": true, "is_email_verified": false, "gender": 1, "groups": [], "user_permissions": []}}, {"model": "bhealthapp.user", "pk": 7, "fields": {"last_login": "2022-07-19T00:00:00Z", "is_superuser": true, "first_name": "Tripp", "last_name": "Ruddiman", "is_staff": false, "is_active": true, "date_joined": "2023-01-04T00:00:00Z", "username": "truddiman6", "profile_picture": "http://dummyimage.com/109x100.png/ff4444/ffffff", "profile_link": "http://dummyimage.com/118x100.png/5fa2dd/ffffff", "password": "8s2WTs5", "phone_number": "411-243-0789", "email": "truddiman6@techcrunch.com", "dob": "2022-06-24T00:00:00Z", "address": "92792 East Point", "city": 78, "is_blocked": true, "is_email_verified": true, "gender": 0, "groups": [], "user_permissions": []}}, {"model": "bhealthapp.user", "pk": 8, "fields": {"last_login": "2023-01-23T00:00:00Z", "is_superuser": false, "first_name": "Dru", "last_name": "Skull", "is_staff": true, "is_active": false, "date_joined": "2022-12-03T00:00:00Z", "username": "dskull7", "profile_picture": "http://dummyimage.com/101x100.png/5fa2dd/ffffff", "profile_link": "http://dummyimage.com/122x100.png/ff4444/ffffff", "password": "KFs20XRW", "phone_number": "596-837-6257", "email": "dskull7@live.com", "dob": "2022-03-17T00:00:00Z", "address": "6 Daystar Hill", "city": 34, "is_blocked": false, "is_email_verified": false, "gender": 0, "groups": [], "user_permissions": []}}, {"model": "bhealthapp.user", "pk": 9, "fields": {"last_login": "2022-10-21T00:00:00Z", "is_superuser": false, "first_name": "Toddie", "last_name": "Pawsey", "is_staff": false, "is_active": true, "date_joined": "2022-10-26T00:00:00Z", "username": "tpawsey8", "profile_picture": "http://dummyimage.com/247x100.png/5fa2dd/ffffff", "profile_link": "http://dummyimage.com/198x100.png/ff4444/ffffff", "password": "1X3in38GD0", "phone_number": "205-941-9400", "email": "tpawsey8@storify.com", "dob": "2022-04-23T00:00:00Z", "address": "3 Cordelia Pass", "city": 46, "is_blocked": true, "is_email_verified": false, "gender": 1, "groups": [], "user_permissions": []}}, {"model": "bhealthapp.user", "pk": 10, "fields": {"last_login": "2022-11-03T00:00:00Z", "is_superuser": false, "first_name": "Aubert", "last_name": "Hawksby", "is_staff": false, "is_active": false, "date_joined": "2022-09-15T00:00:00Z", "username": "ahawksby9", "profile_picture": "http://dummyimage.com/184x100.png/5fa2dd/ffffff", "profile_link": "http://dummyimage.com/113x100.png/ff4444/ffffff", "password": "k36tyN", "phone_number": "599-219-7348", "email": "ahawksby9@twitpic.com", "dob": "2022-12-04T00:00:00Z", "address": "29086 Susan Trail", "city": 39, "is_blocked": true, "is_email_verified": true, "gender": 0, "groups": [], "user_permissions": []}}, {"model": "bhealthapp.user", "pk": 11, "fields": {"last_login": "2022-08-16T00:00:00Z", "is_superuser": true, "first_name": "Jeralee", "last_name": "Hulcoop", "is_staff": false, "is_active": false, "date_joined": "2023-02-02T00:00:00Z", "username": "jhulcoopa", "profile_picture": "http://dummyimage.com/168x100.png/5fa2dd/ffffff", "profile_link": "http://dummyimage.com/120x100.png/5fa2dd/ffffff", "password": "WodQ98yxF", "phone_number": "679-585-1544", "email": "jhulcoopa@symantec.com", "dob": "2022-04-23T00:00:00Z", "address": "03981 Miller Place", "city": 49, "is_blocked": false, "is_email_verified": true, "gender": 0, "groups": [], "user_permissions": []}}, {"model": "bhealthapp.user", "pk": 12, "fields": {"last_login": "2022-10-04T00:00:00Z", "is_superuser": true, "first_name": "Jourdan", "last_name": "Keates", "is_staff": true, "is_active": true, "date_joined": "2022-03-23T00:00:00Z", "username": "jkeatesb", "profile_picture": "http://dummyimage.com/231x100.png/cc0000/ffffff", "profile_link": "http://dummyimage.com/144x100.png/dddddd/000000", "password": "8HgrrRAC5nhk", "phone_number": "717-820-8137", "email": "jkeatesb@people.com.cn", "dob": "2023-03-06T00:00:00Z", "address": "26725 Prairie Rose Crossing", "city": 22, "is_blocked": true, "is_email_verified": false, "gender": 1, "groups": [], "user_permissions": []}}, {"model": "bhealthapp.user", "pk": 13, "fields": {"last_login": "2022-05-02T00:00:00Z", "is_superuser": false, "first_name": "Leelah", "last_name": "Fern", "is_staff": false, "is_active": false, "date_joined": "2022-11-20T00:00:00Z", "username": "lfernc", "profile_picture": "http://dummyimage.com/178x100.png/5fa2dd/ffffff", "profile_link": "http://dummyimage.com/244x100.png/cc0000/ffffff", "password": "5t0xGHbhnKHq", "phone_number": "741-297-1147", "email": "lfernc@google.com", "dob": "2022-07-23T00:00:00Z", "address": "39031 Morning Avenue", "city": 27, "is_blocked": true, "is_email_verified": false, "gender": 0, "groups": [], "user_permissions": []}}, {"model": "bhealthapp.user", "pk": 14, "fields": {"last_login": "2022-06-17T00:00:00Z", "is_superuser": true, "first_name": "Zarla", "last_name": "Peterkin", "is_staff": true, "is_active": false, "date_joined": "2023-01-22T00:00:00Z", "username": "zpeterkind", "profile_picture": "http://dummyimage.com/185x100.png/5fa2dd/ffffff", "profile_link": "http://dummyimage.com/237x100.png/5fa2dd/ffffff", "password": "DRtO0Yaa", "phone_number": "314-750-0421", "email": "zpeterkind@hugedomains.com", "dob": "2022-05-15T00:00:00Z", "address": "59 Dexter Drive", "city": 47, "is_blocked": false, "is_email_verified": true, "gender": 1, "groups": [], "user_permissions": []}}, {"model": "bhealthapp.user", "pk": 15, "fields": {"last_login": "2022-05-12T00:00:00Z", "is_superuser": false, "first_name": "Gilli", "last_name": "Gedge", "is_staff": false, "is_active": true, "date_joined": "2022-11-14T00:00:00Z", "username": "ggedgee", "profile_picture": "http://dummyimage.com/223x100.png/5fa2dd/ffffff", "profile_link": "http://dummyimage.com/120x100.png/ff4444/ffffff", "password": "3b8dmKz", "phone_number": "916-887-6056", "email": "ggedgee@deviantart.com", "dob": "2022-05-02T00:00:00Z", "address": "17959 8th Point", "city": 58, "is_blocked": true, "is_email_verified": false, "gender": 1, "groups": [], "user_permissions": []}}, {"model": "bhealthapp.user", "pk": 16, "fields": {"last_login": "2022-06-10T00:00:00Z", "is_superuser": false, "first_name": "Robina", "last_name": "Ceillier", "is_staff": false, "is_active": false, "date_joined": "2022-03-31T00:00:00Z", "username": "rceillierf", "profile_picture": "http://dummyimage.com/246x100.png/cc0000/ffffff", "profile_link": "http://dummyimage.com/201x100.png/5fa2dd/ffffff", "password": "SQnUVD", "phone_number": "423-635-4007", "email": "rceillierf@washingtonpost.com", "dob": "2022-10-04T00:00:00Z", "address": "7 New Castle Hill", "city": 100, "is_blocked": true, "is_email_verified": true, "gender": 0, "groups": [], "user_permissions": []}}, {"model": "bhealthapp.user", "pk": 17, "fields": {"last_login": "2022-05-21T00:00:00Z", "is_superuser": false, "first_name": "Derk", "last_name": "Haines", "is_staff": false, "is_active": false, "date_joined": "2022-08-06T00:00:00Z", "username": "dhainesg", "profile_picture": "http://dummyimage.com/151x100.png/5fa2dd/ffffff", "profile_link": "http://dummyimage.com/117x100.png/5fa2dd/ffffff", "password": "hBrQMKu7DH", "phone_number": "571-281-5823", "email": "dhainesg@ibm.com", "dob": "2022-06-11T00:00:00Z", "address": "32 Rockefeller Center", "city": 80, "is_blocked": false, "is_email_verified": true, "gender": 1, "groups": [], "user_permissions": []}}, {"model": "bhealthapp.user", "pk": 18, "fields": {"last_login": "2022-12-31T00:00:00Z", "is_superuser": true, "first_name": "Olag", "last_name": "Ickovits", "is_staff": true, "is_active": true, "date_joined": "2023-02-04T00:00:00Z", "username": "oickovitsh", "profile_picture": "http://dummyimage.com/230x100.png/ff4444/ffffff", "profile_link": "http://dummyimage.com/249x100.png/dddddd/000000", "password": "hHu3211Ppj", "phone_number": "814-771-4680", "email": "oickovitsh@hostgator.com", "dob": "2022-04-10T00:00:00Z", "address": "9 Linden Road", "city": 68, "is_blocked": true, "is_email_verified": true, "gender": 1, "groups": [], "user_permissions": []}}, {"model": "bhealthapp.user", "pk": 19, "fields": {"last_login": "2022-08-20T00:00:00Z", "is_superuser": false, "first_name": "Heywood", "last_name": "Bartley", "is_staff": false, "is_active": false, "date_joined": "2023-01-21T00:00:00Z", "username": "hbartleyi", "profile_picture": "http://dummyimage.com/142x100.png/dddddd/000000", "profile_link": "http://dummyimage.com/148x100.png/ff4444/ffffff", "password": "5VGeJnhsVoi", "phone_number": "904-890-7376", "email": "hbartleyi@networksolutions.com", "dob": "2022-03-18T00:00:00Z", "address": "28975 Monterey Plaza", "city": 12, "is_blocked": true, "is_email_verified": false, "gender": 0, "groups": [], "user_permissions": []}}, {"model": "bhealthapp.user", "pk": 20, "fields": {"last_login": "2022-06-03T00:00:00Z", "is_superuser": true, "first_name": "Carlie", "last_name": "Kleinber", "is_staff": false, "is_active": true, "date_joined": "2022-07-09T00:00:00Z", "username": "ckleinberj", "profile_picture": "http://dummyimage.com/171x100.png/5fa2dd/ffffff", "profile_link": "http://dummyimage.com/151x100.png/ff4444/ffffff", "password": "HtNB5X69", "phone_number": "404-743-6162", "email": "ckleinberj@spiegel.de", "dob": "2023-03-04T00:00:00Z", "address": "55739 Dawn Center", "city": 48, "is_blocked": true, "is_email_verified": false, "gender": 1, "groups": [], "user_permissions": []}}, {"model": "bhealthapp.user", "pk": 21, "fields": {"last_login": "2022-06-04T00:00:00Z", "is_superuser": false, "first_name": "Colan", "last_name": "Callcott", "is_staff": false, "is_active": false, "date_joined": "2023-01-04T00:00:00Z", "username": "ccallcottk", "profile_picture": "http://dummyimage.com/146x100.png/5fa2dd/ffffff", "profile_link": "http://dummyimage.com/155x100.png/cc0000/ffffff", "password": "PQdPYj", "phone_number": "658-519-2698", "email": "ccallcottk@newyorker.com", "dob": "2022-10-27T00:00:00Z", "address": "22 Walton Place", "city": 79, "is_blocked": true, "is_email_verified": false, "gender": 1, "groups": [], "user_permissions": []}}, {"model": "bhealthapp.user", "pk": 22, "fields": {"last_login": "2022-04-12T00:00:00Z", "is_superuser": false, "first_name": "Chane", "last_name": "Kitchingham", "is_staff": false, "is_active": true, "date_joined": "2022-12-31T00:00:00Z", "username": "ckitchinghaml", "profile_picture": "http://dummyimage.com/162x100.png/ff4444/ffffff", "profile_link": "http://dummyimage.com/172x100.png/dddddd/000000", "password": "2eEJhC", "phone_number": "892-455-1963", "email": "ckitchinghaml@webnode.com", "dob": "2022-10-14T00:00:00Z", "address": "27522 Scott Drive", "city": 7, "is_blocked": true, "is_email_verified": true, "gender": 1, "groups": [], "user_permissions": []}}, {"model": "bhealthapp.user", "pk": 23, "fields": {"last_login": "2022-07-13T00:00:00Z", "is_superuser": false, "first_name": "Alix", "last_name": "Bowdrey", "is_staff": false, "is_active": false, "date_joined": "2022-07-27T00:00:00Z", "username": "abowdreym", "profile_picture": "http://dummyimage.com/176x100.png/ff4444/ffffff", "profile_link": "http://dummyimage.com/239x100.png/ff4444/ffffff", "password": "OaQzWJldNG", "phone_number": "834-468-9206", "email": "abowdreym@xing.com", "dob": "2022-05-04T00:00:00Z", "address": "59 Westport Street", "city": 77, "is_blocked": true, "is_email_verified": false, "gender": 0, "groups": [], "user_permissions": []}}, {"model": "bhealthapp.user", "pk": 24, "fields": {"last_login": "2022-11-14T00:00:00Z", "is_superuser": true, "first_name": "Cloe", "last_name": "Pellamont", "is_staff": false, "is_active": true, "date_joined": "2022-11-06T00:00:00Z", "username": "cpellamontn", "profile_picture": "http://dummyimage.com/113x100.png/dddddd/000000", "profile_link": "http://dummyimage.com/250x100.png/ff4444/ffffff", "password": "MZSpZDi5KT", "phone_number": "356-750-8929", "email": "cpellamontn@xrea.com", "dob": "2022-11-17T00:00:00Z", "address": "128 Manley Street", "city": 101, "is_blocked": true, "is_email_verified": false, "gender": 1, "groups": [], "user_permissions": []}}, {"model": "bhealthapp.user", "pk": 25, "fields": {"last_login": "2023-02-03T00:00:00Z", "is_superuser": true, "first_name": "Christina", "last_name": "Stebbings", "is_staff": true, "is_active": true, "date_joined": "2022-04-10T00:00:00Z", "username": "cstebbingso", "profile_picture": "http://dummyimage.com/238x100.png/cc0000/ffffff", "profile_link": "http://dummyimage.com/113x100.png/cc0000/ffffff", "password": "2NiC7S", "phone_number": "354-490-9633", "email": "cstebbingso@vinaora.com", "dob": "2023-03-01T00:00:00Z", "address": "14 Del Mar Place", "city": 85, "is_blocked": false, "is_email_verified": false, "gender": 0, "groups": [], "user_permissions": []}}, {"model": "bhealthapp.user", "pk": 26, "fields": {"last_login": "2022-06-13T00:00:00Z", "is_superuser": false, "first_name": "Corey", "last_name": "Goldhawk", "is_staff": true, "is_active": false, "date_joined": "2022-07-17T00:00:00Z", "username": "cgoldhawkp", "profile_picture": "http://dummyimage.com/109x100.png/cc0000/ffffff", "profile_link": "http://dummyimage.com/242x100.png/ff4444/ffffff", "password": "h9OjjLORhjV", "phone_number": "843-117-2236", "email": "cgoldhawkp@symantec.com", "dob": "2023-03-03T00:00:00Z", "address": "439 Shasta Avenue", "city": 28, "is_blocked": false, "is_email_verified": false, "gender": 1, "groups": [], "user_permissions": []}}, {"model": "bhealthapp.user", "pk": 27, "fields": {"last_login": "2022-07-06T00:00:00Z", "is_superuser": false, "first_name": "Renault", "last_name": "Sexti", "is_staff": false, "is_active": true, "date_joined": "2022-05-17T00:00:00Z", "username": "rsextiq", "profile_picture": "http://dummyimage.com/165x100.png/dddddd/000000", "profile_link": "http://dummyimage.com/129x100.png/5fa2dd/ffffff", "password": "6Qme6HAp", "phone_number": "305-403-2340", "email": "rsextiq@nyu.edu", "dob": "2022-05-22T00:00:00Z", "address": "651 Mcbride Point", "city": 77, "is_blocked": false, "is_email_verified": true, "gender": 1, "groups": [], "user_permissions": []}}, {"model": "bhealthapp.user", "pk": 28, "fields": {"last_login": "2023-02-04T00:00:00Z", "is_superuser": false, "first_name": "Alric", "last_name": "Noods", "is_staff": false, "is_active": false, "date_joined": "2022-10-31T00:00:00Z", "username": "anoodsr", "profile_picture": "http://dummyimage.com/200x100.png/dddddd/000000", "profile_link": "http://dummyimage.com/124x100.png/ff4444/ffffff", "password": "7K140Bmae", "phone_number": "658-167-1597", "email": "anoodsr@ebay.com", "dob": "2022-05-14T00:00:00Z", "address": "51 Talisman Avenue", "city": 42, "is_blocked": true, "is_email_verified": true, "gender": 0, "groups": [], "user_permissions": []}}, {"model": "bhealthapp.user", "pk": 29, "fields": {"last_login": "2022-04-22T00:00:00Z", "is_superuser": false, "first_name": "Nanci", "last_name": "Woodland", "is_staff": false, "is_active": false, "date_joined": "2022-08-05T00:00:00Z", "username": "nwoodlands", "profile_picture": "http://dummyimage.com/150x100.png/cc0000/ffffff", "profile_link": "http://dummyimage.com/186x100.png/dddddd/000000", "password": "nVBUrGmPP17", "phone_number": "676-378-6879", "email": "nwoodlands@samsung.com", "dob": "2022-05-22T00:00:00Z", "address": "7 Eagle Crest Alley", "city": 69, "is_blocked": true, "is_email_verified": false, "gender": 0, "groups": [], "user_permissions": []}}, {"model": "bhealthapp.user", "pk": 30, "fields": {"last_login": "2023-01-26T00:00:00Z", "is_superuser": false, "first_name": "Tammara", "last_name": "Spens", "is_staff": false, "is_active": false, "date_joined": "2022-06-29T00:00:00Z", "username": "tspenst", "profile_picture": "http://dummyimage.com/119x100.png/ff4444/ffffff", "profile_link": "http://dummyimage.com/249x100.png/dddddd/000000", "password": "HjHlUD8bEmX", "phone_number": "979-213-3406", "email": "tspenst@canalblog.com", "dob": "2022-05-12T00:00:00Z", "address": "06 Hoard Avenue", "city": 87, "is_blocked": true, "is_email_verified": true, "gender": 1, "groups": [], "user_permissions": []}}, {"model": "bhealthapp.user", "pk": 31, "fields": {"last_login": "2022-05-10T00:00:00Z", "is_superuser": true, "first_name": "Salome", "last_name": "Tesyro", "is_staff": false, "is_active": true, "date_joined": "2022-10-10T00:00:00Z", "username": "stesyrou", "profile_picture": "http://dummyimage.com/158x100.png/dddddd/000000", "profile_link": "http://dummyimage.com/158x100.png/dddddd/000000", "password": "ykuJ3VJv3", "phone_number": "492-945-0695", "email": "stesyrou@freewebs.com", "dob": "2022-10-29T00:00:00Z", "address": "08 Daystar Trail", "city": 81, "is_blocked": true, "is_email_verified": false, "gender": 1, "groups": [], "user_permissions": []}}, {"model": "bhealthapp.user", "pk": 32, "fields": {"last_login": "2022-08-29T00:00:00Z", "is_superuser": false, "first_name": "Cris", "last_name": "Auston", "is_staff": false, "is_active": false, "date_joined": "2023-01-01T00:00:00Z", "username": "caustonv", "profile_picture": "http://dummyimage.com/221x100.png/5fa2dd/ffffff", "profile_link": "http://dummyimage.com/148x100.png/5fa2dd/ffffff", "password": "OP3tWn", "phone_number": "308-970-1196", "email": "caustonv@shinystat.com", "dob": "2022-08-07T00:00:00Z", "address": "51 Clyde Gallagher Road", "city": 64, "is_blocked": true, "is_email_verified": false, "gender": 1, "groups": [], "user_permissions": []}}, {"model": "bhealthapp.user", "pk": 33, "fields": {"last_login": "2023-02-06T00:00:00Z", "is_superuser": true, "first_name": "Melisse", "last_name": "Bushaway", "is_staff": true, "is_active": true, "date_joined": "2022-08-18T00:00:00Z", "username": "mbushawayw", "profile_picture": "http://dummyimage.com/106x100.png/dddddd/000000", "profile_link": "http://dummyimage.com/196x100.png/dddddd/000000", "password": "RHcrbTu6", "phone_number": "715-302-7630", "email": "mbushawayw@clickbank.net", "dob": "2022-06-10T00:00:00Z", "address": "0377 Brickson Park Trail", "city": 34, "is_blocked": true, "is_email_verified": false, "gender": 1, "groups": [], "user_permissions": []}}, {"model": "bhealthapp.user", "pk": 34, "fields": {"last_login": "2023-03-10T00:00:00Z", "is_superuser": true, "first_name": "Jessee", "last_name": "Abrahm", "is_staff": false, "is_active": true, "date_joined": "2023-01-30T00:00:00Z", "username": "jabrahmx", "profile_picture": "http://dummyimage.com/245x100.png/cc0000/ffffff", "profile_link": "http://dummyimage.com/173x100.png/ff4444/ffffff", "password": "Qquh5P5DSMnw", "phone_number": "881-102-4997", "email": "jabrahmx@netvibes.com", "dob": "2022-09-25T00:00:00Z", "address": "72234 Mifflin Road", "city": 86, "is_blocked": true, "is_email_verified": false, "gender": 1, "groups": [], "user_permissions": []}}, {"model": "bhealthapp.user", "pk": 35, "fields": {"last_login": "2022-05-05T00:00:00Z", "is_superuser": false, "first_name": "Giffard", "last_name": "Overy", "is_staff": false, "is_active": true, "date_joined": "2023-02-01T00:00:00Z", "username": "goveryy", "profile_picture": "http://dummyimage.com/229x100.png/cc0000/ffffff", "profile_link": "http://dummyimage.com/210x100.png/dddddd/000000", "password": "ney8IQU", "phone_number": "766-577-7107", "email": "goveryy@naver.com", "dob": "2022-10-28T00:00:00Z", "address": "41425 Derek Place", "city": 55, "is_blocked": true, "is_email_verified": false, "gender": 1, "groups": [], "user_permissions": []}}, {"model": "bhealthapp.user", "pk": 36, "fields": {"last_login": "2022-10-21T00:00:00Z", "is_superuser": true, "first_name": "Fanny", "last_name": "Pateman", "is_staff": true, "is_active": true, "date_joined": "2023-02-08T00:00:00Z", "username": "fpatemanz", "profile_picture": "http://dummyimage.com/107x100.png/ff4444/ffffff", "profile_link": "http://dummyimage.com/142x100.png/cc0000/ffffff", "password": "DijGT9F", "phone_number": "393-371-9436", "email": "fpatemanz@woothemes.com", "dob": "2022-04-14T00:00:00Z", "address": "0292 Victoria Hill", "city": 35, "is_blocked": true, "is_email_verified": true, "gender": 0, "groups": [], "user_permissions": []}}, {"model": "bhealthapp.user", "pk": 37, "fields": {"last_login": "2022-04-27T00:00:00Z", "is_superuser": false, "first_name": "Ingeberg", "last_name": "Rorke", "is_staff": true, "is_active": false, "date_joined": "2022-05-28T00:00:00Z", "username": "irorke10", "profile_picture": "http://dummyimage.com/249x100.png/ff4444/ffffff", "profile_link": "http://dummyimage.com/238x100.png/5fa2dd/ffffff", "password": "DQk6jO53U5", "phone_number": "270-507-9747", "email": "irorke10@1und1.de", "dob": "2023-01-31T00:00:00Z", "address": "31 Bunting Terrace", "city": 50, "is_blocked": true, "is_email_verified": false, "gender": 1, "groups": [], "user_permissions": []}}, {"model": "bhealthapp.user", "pk": 38, "fields": {"last_login": "2022-09-07T00:00:00Z", "is_superuser": true, "first_name": "Ellery", "last_name": "Muskett", "is_staff": false, "is_active": false, "date_joined": "2022-12-15T00:00:00Z", "username": "emuskett11", "profile_picture": "http://dummyimage.com/205x100.png/cc0000/ffffff", "profile_link": "http://dummyimage.com/152x100.png/dddddd/000000", "password": "yywa0k", "phone_number": "813-585-2623", "email": "emuskett11@dagondesign.com", "dob": "2022-05-18T00:00:00Z", "address": "6190 Talmadge Court", "city": 16, "is_blocked": false, "is_email_verified": false, "gender": 0, "groups": [], "user_permissions": []}}, {"model": "bhealthapp.user", "pk": 39, "fields": {"last_login": "2022-05-10T00:00:00Z", "is_superuser": true, "first_name": "Paulie", "last_name": "Spring", "is_staff": true, "is_active": true, "date_joined": "2022-10-08T00:00:00Z", "username": "pspring12", "profile_picture": "http://dummyimage.com/236x100.png/cc0000/ffffff", "profile_link": "http://dummyimage.com/135x100.png/cc0000/ffffff", "password": "3qYKBl", "phone_number": "908-828-7162", "email": "pspring12@harvard.edu", "dob": "2022-06-01T00:00:00Z", "address": "576 Bobwhite Terrace", "city": 79, "is_blocked": false, "is_email_verified": false, "gender": 0, "groups": [], "user_permissions": []}}, {"model": "bhealthapp.user", "pk": 40, "fields": {"last_login": "2022-08-02T00:00:00Z", "is_superuser": false, "first_name": "Benedicto", "last_name": "Micah", "is_staff": true, "is_active": false, "date_joined": "2022-03-23T00:00:00Z", "username": "bmicah13", "profile_picture": "http://dummyimage.com/165x100.png/dddddd/000000", "profile_link": "http://dummyimage.com/108x100.png/dddddd/000000", "password": "FIqwAvk", "phone_number": "927-119-9862", "email": "bmicah13@boston.com", "dob": "2022-09-06T00:00:00Z", "address": "627 Doe Crossing Crossing", "city": 96, "is_blocked": true, "is_email_verified": true, "gender": 1, "groups": [], "user_permissions": []}}, {"model": "bhealthapp.user", "pk": 41, "fields": {"last_login": "2022-06-20T00:00:00Z", "is_superuser": false, "first_name": "Kippy", "last_name": "Aberhart", "is_staff": true, "is_active": true, "date_joined": "2022-08-18T00:00:00Z", "username": "kaberhart14", "profile_picture": "http://dummyimage.com/197x100.png/ff4444/ffffff", "profile_link": "http://dummyimage.com/183x100.png/ff4444/ffffff", "password": "5zbJdy8EvsQx", "phone_number": "645-923-3019", "email": "kaberhart14@engadget.com", "dob": "2022-10-22T00:00:00Z", "address": "178 Rigney Way", "city": 32, "is_blocked": true, "is_email_verified": false, "gender": 1, "groups": [], "user_permissions": []}}, {"model": "bhealthapp.user", "pk": 42, "fields": {"last_login": "2022-10-16T00:00:00Z", "is_superuser": false, "first_name": "Ruperto", "last_name": "Crowther", "is_staff": false, "is_active": true, "date_joined": "2023-02-02T00:00:00Z", "username": "rcrowther15", "profile_picture": "http://dummyimage.com/135x100.png/cc0000/ffffff", "profile_link": "http://dummyimage.com/243x100.png/5fa2dd/ffffff", "password": "iSM54yVdX", "phone_number": "359-593-2994", "email": "rcrowther15@icq.com", "dob": "2022-12-20T00:00:00Z", "address": "580 Carey Parkway", "city": 75, "is_blocked": false, "is_email_verified": true, "gender": 0, "groups": [], "user_permissions": []}}, {"model": "bhealthapp.user", "pk": 43, "fields": {"last_login": "2023-02-17T00:00:00Z", "is_superuser": false, "first_name": "Cristi", "last_name": "Kinnie", "is_staff": true, "is_active": false, "date_joined": "2022-11-22T00:00:00Z", "username": "ckinnie16", "profile_picture": "http://dummyimage.com/227x100.png/cc0000/ffffff", "profile_link": "http://dummyimage.com/211x100.png/5fa2dd/ffffff", "password": "7Z9k3EV1", "phone_number": "628-810-9596", "email": "ckinnie16@boston.com", "dob": "2022-07-02T00:00:00Z", "address": "20 Lukken Crossing", "city": 57, "is_blocked": true, "is_email_verified": true, "gender": 0, "groups": [], "user_permissions": []}}, {"model": "bhealthapp.user", "pk": 44, "fields": {"last_login": "2022-06-07T00:00:00Z", "is_superuser": true, "first_name": "Ashely", "last_name": "Penk", "is_staff": true, "is_active": true, "date_joined": "2022-04-10T00:00:00Z", "username": "apenk17", "profile_picture": "http://dummyimage.com/233x100.png/cc0000/ffffff", "profile_link": "http://dummyimage.com/237x100.png/dddddd/000000", "password": "cNw31RAAo7q", "phone_number": "331-614-2325", "email": "apenk17@squarespace.com", "dob": "2022-10-22T00:00:00Z", "address": "5104 Knutson Crossing", "city": 86, "is_blocked": true, "is_email_verified": true, "gender": 0, "groups": [], "user_permissions": []}}, {"model": "bhealthapp.user", "pk": 45, "fields": {"last_login": "2023-01-27T00:00:00Z", "is_superuser": true, "first_name": "Anestassia", "last_name": "Anersen", "is_staff": true, "is_active": false, "date_joined": "2022-11-01T00:00:00Z", "username": "aanersen18", "profile_picture": "http://dummyimage.com/195x100.png/cc0000/ffffff", "profile_link": "http://dummyimage.com/239x100.png/cc0000/ffffff", "password": "JEIGV4h3", "phone_number": "514-935-5277", "email": "aanersen18@addtoany.com", "dob": "2022-05-18T00:00:00Z", "address": "26 Forest Point", "city": 80, "is_blocked": true, "is_email_verified": false, "gender": 1, "groups": [], "user_permissions": []}}, {"model": "bhealthapp.user", "pk": 46, "fields": {"last_login": "2023-01-19T00:00:00Z", "is_superuser": true, "first_name": "Glad", "last_name": "McIleen", "is_staff": true, "is_active": false, "date_joined": "2022-06-16T00:00:00Z", "username": "gmcileen19", "profile_picture": "http://dummyimage.com/226x100.png/cc0000/ffffff", "profile_link": "http://dummyimage.com/174x100.png/5fa2dd/ffffff", "password": "ooVK6g7Z", "phone_number": "714-362-4294", "email": "gmcileen19@tamu.edu", "dob": "2022-07-07T00:00:00Z", "address": "63589 Susan Center", "city": 33, "is_blocked": false, "is_email_verified": false, "gender": 1, "groups": [], "user_permissions": []}}, {"model": "bhealthapp.user", "pk": 47, "fields": {"last_login": "2022-05-03T00:00:00Z", "is_superuser": true, "first_name": "Deeanne", "last_name": "Watterson", "is_staff": true, "is_active": true, "date_joined": "2022-07-19T00:00:00Z", "username": "dwatterson1a", "profile_picture": "http://dummyimage.com/171x100.png/ff4444/ffffff", "profile_link": "http://dummyimage.com/133x100.png/cc0000/ffffff", "password": "faHgsI5", "phone_number": "687-181-9961", "email": "dwatterson1a@1688.com", "dob": "2023-02-17T00:00:00Z", "address": "58443 Myrtle Terrace", "city": 45, "is_blocked": true, "is_email_verified": true, "gender": 1, "groups": [], "user_permissions": []}}, {"model": "bhealthapp.user", "pk": 48, "fields": {"last_login": "2023-02-20T00:00:00Z", "is_superuser": false, "first_name": "Jarib", "last_name": "Hayworth", "is_staff": false, "is_active": true, "date_joined": "2022-08-10T00:00:00Z", "username": "jhayworth1b", "profile_picture": "http://dummyimage.com/146x100.png/dddddd/000000", "profile_link": "http://dummyimage.com/130x100.png/cc0000/ffffff", "password": "CPIfPwuSitH", "phone_number": "363-585-4980", "email": "jhayworth1b@irs.gov", "dob": "2022-07-21T00:00:00Z", "address": "028 Steensland Lane", "city": 75, "is_blocked": false, "is_email_verified": true, "gender": 1, "groups": [], "user_permissions": []}}, {"model": "bhealthapp.user", "pk": 49, "fields": {"last_login": "2022-06-04T00:00:00Z", "is_superuser": true, "first_name": "Lonee", "last_name": "Worms", "is_staff": true, "is_active": true, "date_joined": "2022-11-20T00:00:00Z", "username": "lworms1c", "profile_picture": "http://dummyimage.com/227x100.png/cc0000/ffffff", "profile_link": "http://dummyimage.com/121x100.png/5fa2dd/ffffff", "password": "5mTsIC33Kps", "phone_number": "770-922-4034", "email": "lworms1c@guardian.co.uk", "dob": "2023-01-02T00:00:00Z", "address": "50 Parkside Terrace", "city": 46, "is_blocked": false, "is_email_verified": false, "gender": 0, "groups": [], "user_permissions": []}}, {"model": "bhealthapp.user", "pk": 50, "fields": {"last_login": "2022-04-20T00:00:00Z", "is_superuser": false, "first_name": "Zaccaria", "last_name": "Claybourne", "is_staff": false, "is_active": false, "date_joined": "2023-01-20T00:00:00Z", "username": "zclaybourne1d", "profile_picture": "http://dummyimage.com/230x100.png/dddddd/000000", "profile_link": "http://dummyimage.com/249x100.png/5fa2dd/ffffff", "password": "d0F8qmskYR", "phone_number": "345-704-4658", "email": "zclaybourne1d@studiopress.com", "dob": "2022-10-08T00:00:00Z", "address": "3194 Golden Leaf Circle", "city": 13, "is_blocked": false, "is_email_verified": true, "gender": 1, "groups": [], "user_permissions": []}}, {"model": "bhealthapp.user", "pk": 51, "fields": {"last_login": "2022-08-05T00:00:00Z", "is_superuser": false, "first_name": "Allissa", "last_name": "Lapsley", "is_staff": true, "is_active": true, "date_joined": "2022-11-09T00:00:00Z", "username": "alapsley1e", "profile_picture": "http://dummyimage.com/160x100.png/dddddd/000000", "profile_link": "http://dummyimage.com/130x100.png/cc0000/ffffff", "password": "AKDpu1eOCIX", "phone_number": "719-457-2692", "email": "alapsley1e@youtube.com", "dob": "2022-10-02T00:00:00Z", "address": "6 Talisman Drive", "city": 71, "is_blocked": true, "is_email_verified": true, "gender": 0, "groups": [], "user_permissions": []}}, {"model": "bhealthapp.user", "pk": 52, "fields": {"last_login": "2022-09-22T00:00:00Z", "is_superuser": false, "first_name": "Jerrilee", "last_name": "Fivey", "is_staff": false, "is_active": true, "date_joined": "2022-09-10T00:00:00Z", "username": "jfivey1f", "profile_picture": "http://dummyimage.com/137x100.png/ff4444/ffffff", "profile_link": "http://dummyimage.com/140x100.png/ff4444/ffffff", "password": "HHSOe3u89", "phone_number": "702-856-0647", "email": "jfivey1f@google.co.jp", "dob": "2023-02-26T00:00:00Z", "address": "32 Kenwood Alley", "city": 96, "is_blocked": true, "is_email_verified": false, "gender": 0, "groups": [], "user_permissions": []}}, {"model": "bhealthapp.user", "pk": 53, "fields": {"last_login": "2022-11-28T00:00:00Z", "is_superuser": false, "first_name": "Courtnay", "last_name": "Jaeggi", "is_staff": false, "is_active": false, "date_joined": "2022-09-27T00:00:00Z", "username": "cjaeggi1g", "profile_picture": "http://dummyimage.com/249x100.png/dddddd/000000", "profile_link": "http://dummyimage.com/148x100.png/cc0000/ffffff", "password": "Vvf1oD4", "phone_number": "746-679-6439", "email": "cjaeggi1g@technorati.com", "dob": "2022-05-26T00:00:00Z", "address": "6 Judy Crossing", "city": 35, "is_blocked": true, "is_email_verified": true, "gender": 1, "groups": [], "user_permissions": []}}, {"model": "bhealthapp.user", "pk": 54, "fields": {"last_login": "2022-11-17T00:00:00Z", "is_superuser": true, "first_name": "Blondell", "last_name": "Caverhill", "is_staff": true, "is_active": false, "date_joined": "2023-01-28T00:00:00Z", "username": "bcaverhill1h", "profile_picture": "http://dummyimage.com/195x100.png/cc0000/ffffff", "profile_link": "http://dummyimage.com/127x100.png/5fa2dd/ffffff", "password": "kOa3IEzzq", "phone_number": "771-400-3965", "email": "bcaverhill1h@ted.com", "dob": "2022-06-14T00:00:00Z", "address": "1466 Mccormick Road", "city": 101, "is_blocked": false, "is_email_verified": false, "gender": 0, "groups": [], "user_permissions": []}}, {"model": "bhealthapp.user", "pk": 55, "fields": {"last_login": "2022-08-18T00:00:00Z", "is_superuser": false, "first_name": "Sidney", "last_name": "Bringloe", "is_staff": true, "is_active": true, "date_joined": "2022-11-18T00:00:00Z", "username": "sbringloe1i", "profile_picture": "http://dummyimage.com/116x100.png/ff4444/ffffff", "profile_link": "http://dummyimage.com/207x100.png/dddddd/000000", "password": "fvIGh1bSk", "phone_number": "213-884-2146", "email": "sbringloe1i@amazon.co.jp", "dob": "2023-03-08T00:00:00Z", "address": "32 Pleasure Place", "city": 16, "is_blocked": true, "is_email_verified": true, "gender": 0, "groups": [], "user_permissions": []}}, {"model": "bhealthapp.user", "pk": 56, "fields": {"last_login": "2022-06-05T00:00:00Z", "is_superuser": true, "first_name": "Lacie", "last_name": "Varker", "is_staff": true, "is_active": true, "date_joined": "2022-09-04T00:00:00Z", "username": "lvarker1j", "profile_picture": "http://dummyimage.com/201x100.png/ff4444/ffffff", "profile_link": "http://dummyimage.com/155x100.png/ff4444/ffffff", "password": "gxMgv4", "phone_number": "289-871-1494", "email": "lvarker1j@blogs.com", "dob": "2022-11-30T00:00:00Z", "address": "31 Bowman Road", "city": 45, "is_blocked": true, "is_email_verified": false, "gender": 0, "groups": [], "user_permissions": []}}, {"model": "bhealthapp.user", "pk": 57, "fields": {"last_login": "2022-04-20T00:00:00Z", "is_superuser": false, "first_name": "Angeline", "last_name": "Desorts", "is_staff": false, "is_active": false, "date_joined": "2023-03-08T00:00:00Z", "username": "adesorts1k", "profile_picture": "http://dummyimage.com/144x100.png/cc0000/ffffff", "profile_link": "http://dummyimage.com/118x100.png/ff4444/ffffff", "password": "JbnNndhTtYuJ", "phone_number": "514-736-4773", "email": "adesorts1k@businesswire.com", "dob": "2022-08-02T00:00:00Z", "address": "4 Oxford Avenue", "city": 3, "is_blocked": true, "is_email_verified": false, "gender": 1, "groups": [], "user_permissions": []}}, {"model": "bhealthapp.user", "pk": 58, "fields": {"last_login": "2022-05-26T00:00:00Z", "is_superuser": false, "first_name": "Maris", "last_name": "Croucher", "is_staff": true, "is_active": true, "date_joined": "2022-10-23T00:00:00Z", "username": "mcroucher1l", "profile_picture": "http://dummyimage.com/126x100.png/ff4444/ffffff", "profile_link": "http://dummyimage.com/152x100.png/dddddd/000000", "password": "OVVDBryqW", "phone_number": "497-487-9129", "email": "mcroucher1l@si.edu", "dob": "2022-04-04T00:00:00Z", "address": "76309 Talmadge Crossing", "city": 44, "is_blocked": true, "is_email_verified": false, "gender": 1, "groups": [], "user_permissions": []}}, {"model": "bhealthapp.user", "pk": 59, "fields": {"last_login": "2022-11-29T00:00:00Z", "is_superuser": true, "first_name": "Nickolas", "last_name": "Pensom", "is_staff": false, "is_active": true, "date_joined": "2022-06-07T00:00:00Z", "username": "npensom1m", "profile_picture": "http://dummyimage.com/144x100.png/ff4444/ffffff", "profile_link": "http://dummyimage.com/162x100.png/5fa2dd/ffffff", "password": "Hff0CY1z", "phone_number": "287-442-5847", "email": "npensom1m@paypal.com", "dob": "2022-12-26T00:00:00Z", "address": "81264 Bowman Road", "city": 38, "is_blocked": false, "is_email_verified": false, "gender": 0, "groups": [], "user_permissions": []}}, {"model": "bhealthapp.user", "pk": 60, "fields": {"last_login": "2022-04-23T00:00:00Z", "is_superuser": true, "first_name": "Kirbie", "last_name": "Dawks", "is_staff": true, "is_active": true, "date_joined": "2022-08-05T00:00:00Z", "username": "kdawks1n", "profile_picture": "http://dummyimage.com/180x100.png/5fa2dd/ffffff", "profile_link": "http://dummyimage.com/145x100.png/5fa2dd/ffffff", "password": "piHN5h", "phone_number": "752-776-9037", "email": "kdawks1n@newyorker.com", "dob": "2023-01-17T00:00:00Z", "address": "0318 Rockefeller Street", "city": 80, "is_blocked": false, "is_email_verified": false, "gender": 1, "groups": [], "user_permissions": []}}, {"model": "bhealthapp.user", "pk": 61, "fields": {"last_login": "2023-02-11T00:00:00Z", "is_superuser": false, "first_name": "Ardene", "last_name": "McCluney", "is_staff": true, "is_active": true, "date_joined": "2022-09-23T00:00:00Z", "username": "amccluney1o", "profile_picture": "http://dummyimage.com/204x100.png/ff4444/ffffff", "profile_link": "http://dummyimage.com/187x100.png/cc0000/ffffff", "password": "3VC0yeSCY", "phone_number": "983-800-4597", "email": "amccluney1o@sfgate.com", "dob": "2022-11-28T00:00:00Z", "address": "4670 Truax Circle", "city": 10, "is_blocked": true, "is_email_verified": true, "gender": 0, "groups": [], "user_permissions": []}}, {"model": "bhealthapp.user", "pk": 62, "fields": {"last_login": "2023-03-07T00:00:00Z", "is_superuser": true, "first_name": "Cull", "last_name": "Kagan", "is_staff": true, "is_active": false, "date_joined": "2023-01-29T00:00:00Z", "username": "ckagan1p", "profile_picture": "http://dummyimage.com/199x100.png/dddddd/000000", "profile_link": "http://dummyimage.com/183x100.png/5fa2dd/ffffff", "password": "zbWq10WFPe", "phone_number": "981-632-7022", "email": "ckagan1p@bing.com", "dob": "2023-01-07T00:00:00Z", "address": "9146 Hayes Street", "city": 88, "is_blocked": false, "is_email_verified": false, "gender": 0, "groups": [], "user_permissions": []}}, {"model": "bhealthapp.user", "pk": 63, "fields": {"last_login": "2022-12-09T00:00:00Z", "is_superuser": false, "first_name": "Risa", "last_name": "Dando", "is_staff": true, "is_active": false, "date_joined": "2022-10-23T00:00:00Z", "username": "rdando1q", "profile_picture": "http://dummyimage.com/135x100.png/5fa2dd/ffffff", "profile_link": "http://dummyimage.com/246x100.png/cc0000/ffffff", "password": "heOuhmb6tTH", "phone_number": "431-725-9795", "email": "rdando1q@reference.com", "dob": "2022-05-07T00:00:00Z", "address": "3806 Hoepker Road", "city": 84, "is_blocked": true, "is_email_verified": false, "gender": 0, "groups": [], "user_permissions": []}}, {"model": "bhealthapp.user", "pk": 64, "fields": {"last_login": "2023-01-31T00:00:00Z", "is_superuser": false, "first_name": "Roseann", "last_name": "Mapother", "is_staff": true, "is_active": true, "date_joined": "2022-03-17T00:00:00Z", "username": "rmapother1r", "profile_picture": "http://dummyimage.com/175x100.png/dddddd/000000", "profile_link": "http://dummyimage.com/103x100.png/dddddd/000000", "password": "5evxLDilj3", "phone_number": "832-760-7855", "email": "rmapother1r@technorati.com", "dob": "2023-02-11T00:00:00Z", "address": "701 Alpine Lane", "city": 20, "is_blocked": true, "is_email_verified": true, "gender": 0, "groups": [], "user_permissions": []}}, {"model": "bhealthapp.user", "pk": 65, "fields": {"last_login": "2022-09-14T00:00:00Z", "is_superuser": false, "first_name": "Wally", "last_name": "Duddle", "is_staff": true, "is_active": true, "date_joined": "2022-04-12T00:00:00Z", "username": "wduddle1s", "profile_picture": "http://dummyimage.com/199x100.png/dddddd/000000", "profile_link": "http://dummyimage.com/176x100.png/ff4444/ffffff", "password": "EIaf2yphHd", "phone_number": "349-952-5421", "email": "wduddle1s@canalblog.com", "dob": "2022-05-11T00:00:00Z", "address": "6 Coolidge Terrace", "city": 22, "is_blocked": false, "is_email_verified": false, "gender": 1, "groups": [], "user_permissions": []}}, {"model": "bhealthapp.user", "pk": 66, "fields": {"last_login": "2022-11-14T00:00:00Z", "is_superuser": true, "first_name": "Candie", "last_name": "Brookes", "is_staff": true, "is_active": false, "date_joined": "2022-09-07T00:00:00Z", "username": "cbrookes1t", "profile_picture": "http://dummyimage.com/110x100.png/cc0000/ffffff", "profile_link": "http://dummyimage.com/128x100.png/ff4444/ffffff", "password": "KgDpRxdi", "phone_number": "179-319-9703", "email": "cbrookes1t@google.pl", "dob": "2022-10-20T00:00:00Z", "address": "33 Kenwood Park", "city": 62, "is_blocked": true, "is_email_verified": true, "gender": 0, "groups": [], "user_permissions": []}}, {"model": "bhealthapp.user", "pk": 67, "fields": {"last_login": "2022-06-08T00:00:00Z", "is_superuser": false, "first_name": "Harald", "last_name": "Moxted", "is_staff": true, "is_active": true, "date_joined": "2022-12-10T00:00:00Z", "username": "hmoxted1u", "profile_picture": "http://dummyimage.com/190x100.png/dddddd/000000", "profile_link": "http://dummyimage.com/190x100.png/dddddd/000000", "password": "ZzrH0OM", "phone_number": "600-898-1573", "email": "hmoxted1u@cyberchimps.com", "dob": "2022-12-06T00:00:00Z", "address": "4927 Duke Way", "city": 94, "is_blocked": true, "is_email_verified": true, "gender": 0, "groups": [], "user_permissions": []}}, {"model": "bhealthapp.user", "pk": 68, "fields": {"last_login": "2023-02-09T00:00:00Z", "is_superuser": true, "first_name": "Madison", "last_name": "Aldis", "is_staff": true, "is_active": false, "date_joined": "2022-05-12T00:00:00Z", "username": "maldis1v", "profile_picture": "http://dummyimage.com/149x100.png/cc0000/ffffff", "profile_link": "http://dummyimage.com/186x100.png/cc0000/ffffff", "password": "W2npjf7v2GE", "phone_number": "439-465-6601", "email": "maldis1v@amazon.co.jp", "dob": "2022-06-18T00:00:00Z", "address": "4687 Roth Pass", "city": 100, "is_blocked": false, "is_email_verified": true, "gender": 0, "groups": [], "user_permissions": []}}, {"model": "bhealthapp.user", "pk": 69, "fields": {"last_login": "2022-04-24T00:00:00Z", "is_superuser": true, "first_name": "Aland", "last_name": "Brockington", "is_staff": true, "is_active": false, "date_joined": "2022-07-29T00:00:00Z", "username": "abrockington1w", "profile_picture": "http://dummyimage.com/103x100.png/5fa2dd/ffffff", "profile_link": "http://dummyimage.com/114x100.png/5fa2dd/ffffff", "password": "oKNgmC5Bm7a", "phone_number": "169-575-9962", "email": "abrockington1w@time.com", "dob": "2022-08-27T00:00:00Z", "address": "1518 Meadow Ridge Road", "city": 72, "is_blocked": false, "is_email_verified": true, "gender": 0, "groups": [], "user_permissions": []}}, {"model": "bhealthapp.user", "pk": 70, "fields": {"last_login": "2022-12-16T00:00:00Z", "is_superuser": false, "first_name": "Adams", "last_name": "Fillon", "is_staff": true, "is_active": true, "date_joined": "2022-09-01T00:00:00Z", "username": "afillon1x", "profile_picture": "http://dummyimage.com/170x100.png/cc0000/ffffff", "profile_link": "http://dummyimage.com/206x100.png/dddddd/000000", "password": "eaJsder0i", "phone_number": "803-343-6137", "email": "afillon1x@cnet.com", "dob": "2023-01-17T00:00:00Z", "address": "770 Blue Bill Park Pass", "city": 101, "is_blocked": false, "is_email_verified": false, "gender": 1, "groups": [], "user_permissions": []}}, {"model": "bhealthapp.user", "pk": 71, "fields": {"last_login": "2022-09-19T00:00:00Z", "is_superuser": false, "first_name": "Elinor", "last_name": "Matches", "is_staff": false, "is_active": false, "date_joined": "2022-08-05T00:00:00Z", "username": "ematches1y", "profile_picture": "http://dummyimage.com/106x100.png/5fa2dd/ffffff", "profile_link": "http://dummyimage.com/156x100.png/5fa2dd/ffffff", "password": "GtYdlJ3k", "phone_number": "262-962-6090", "email": "ematches1y@ucla.edu", "dob": "2022-07-30T00:00:00Z", "address": "3 East Avenue", "city": 69, "is_blocked": true, "is_email_verified": true, "gender": 1, "groups": [], "user_permissions": []}}, {"model": "bhealthapp.user", "pk": 72, "fields": {"last_login": "2022-09-12T00:00:00Z", "is_superuser": false, "first_name": "Bronson", "last_name": "Force", "is_staff": false, "is_active": true, "date_joined": "2023-02-20T00:00:00Z", "username": "bforce1z", "profile_picture": "http://dummyimage.com/152x100.png/5fa2dd/ffffff", "profile_link": "http://dummyimage.com/207x100.png/dddddd/000000", "password": "zpQLNNwz", "phone_number": "454-942-2594", "email": "bforce1z@google.it", "dob": "2023-02-05T00:00:00Z", "address": "86 Ronald Regan Court", "city": 80, "is_blocked": true, "is_email_verified": true, "gender": 1, "groups": [], "user_permissions": []}}, {"model": "bhealthapp.user", "pk": 73, "fields": {"last_login": "2022-11-12T00:00:00Z", "is_superuser": true, "first_name": "Angelique", "last_name": "Bloschke", "is_staff": true, "is_active": true, "date_joined": "2022-04-19T00:00:00Z", "username": "abloschke20", "profile_picture": "http://dummyimage.com/191x100.png/ff4444/ffffff", "profile_link": "http://dummyimage.com/224x100.png/dddddd/000000", "password": "OwN5ikXNa", "phone_number": "735-750-0361", "email": "abloschke20@youtube.com", "dob": "2022-11-15T00:00:00Z", "address": "9923 Mariners Cove Parkway", "city": 99, "is_blocked": false, "is_email_verified": false, "gender": 1, "groups": [], "user_permissions": []}}, {"model": "bhealthapp.user", "pk": 74, "fields": {"last_login": "2022-12-23T00:00:00Z", "is_superuser": false, "first_name": "Petr", "last_name": "Lanfer", "is_staff": false, "is_active": false, "date_joined": "2023-02-09T00:00:00Z", "username": "planfer21", "profile_picture": "http://dummyimage.com/186x100.png/cc0000/ffffff", "profile_link": "http://dummyimage.com/106x100.png/5fa2dd/ffffff", "password": "e3Fq7b0cQ3gq", "phone_number": "663-446-7497", "email": "planfer21@slideshare.net", "dob": "2022-12-12T00:00:00Z", "address": "446 Schurz Pass", "city": 23, "is_blocked": false, "is_email_verified": true, "gender": 0, "groups": [], "user_permissions": []}}, {"model": "bhealthapp.user", "pk": 75, "fields": {"last_login": "2022-09-18T00:00:00Z", "is_superuser": false, "first_name": "Miguel", "last_name": "Heinecke", "is_staff": true, "is_active": true, "date_joined": "2022-11-30T00:00:00Z", "username": "mheinecke22", "profile_picture": "http://dummyimage.com/189x100.png/cc0000/ffffff", "profile_link": "http://dummyimage.com/201x100.png/5fa2dd/ffffff", "password": "7x0ikLw1ys", "phone_number": "503-604-3746", "email": "mheinecke22@geocities.jp", "dob": "2023-01-11T00:00:00Z", "address": "5 Eastwood Terrace", "city": 81, "is_blocked": true, "is_email_verified": true, "gender": 0, "groups": [], "user_permissions": []}}, {"model": "bhealthapp.user", "pk": 76, "fields": {"last_login": "2022-04-07T00:00:00Z", "is_superuser": true, "first_name": "Berti", "last_name": "Frostick", "is_staff": false, "is_active": true, "date_joined": "2023-01-31T00:00:00Z", "username": "bfrostick23", "profile_picture": "http://dummyimage.com/243x100.png/5fa2dd/ffffff", "profile_link": "http://dummyimage.com/177x100.png/5fa2dd/ffffff", "password": "QrENu3ywv0tT", "phone_number": "749-578-3880", "email": "bfrostick23@cnbc.com", "dob": "2022-07-14T00:00:00Z", "address": "176 Eggendart Place", "city": 20, "is_blocked": false, "is_email_verified": false, "gender": 1, "groups": [], "user_permissions": []}}, {"model": "bhealthapp.user", "pk": 77, "fields": {"last_login": "2023-01-16T00:00:00Z", "is_superuser": true, "first_name": "Tonya", "last_name": "Rosoman", "is_staff": true, "is_active": false, "date_joined": "2023-01-07T00:00:00Z", "username": "trosoman24", "profile_picture": "http://dummyimage.com/197x100.png/dddddd/000000", "profile_link": "http://dummyimage.com/156x100.png/ff4444/ffffff", "password": "8VeOaXQT1", "phone_number": "549-492-4125", "email": "trosoman24@studiopress.com", "dob": "2022-10-16T00:00:00Z", "address": "68391 Gateway Terrace", "city": 15, "is_blocked": false, "is_email_verified": true, "gender": 1, "groups": [], "user_permissions": []}}, {"model": "bhealthapp.user", "pk": 78, "fields": {"last_login": "2022-09-23T00:00:00Z", "is_superuser": true, "first_name": "Tony", "last_name": "Headrick", "is_staff": false, "is_active": true, "date_joined": "2022-11-27T00:00:00Z", "username": "theadrick25", "profile_picture": "http://dummyimage.com/178x100.png/5fa2dd/ffffff", "profile_link": "http://dummyimage.com/176x100.png/5fa2dd/ffffff", "password": "dkKHcNzsuh", "phone_number": "930-697-9112", "email": "theadrick25@tumblr.com", "dob": "2022-09-25T00:00:00Z", "address": "35 Manitowish Trail", "city": 86, "is_blocked": false, "is_email_verified": true, "gender": 1, "groups": [], "user_permissions": []}}, {"model": "bhealthapp.user", "pk": 79, "fields": {"last_login": "2022-04-05T00:00:00Z", "is_superuser": false, "first_name": "Valaria", "last_name": "Greenan", "is_staff": true, "is_active": true, "date_joined": "2022-11-03T00:00:00Z", "username": "vgreenan26", "profile_picture": "http://dummyimage.com/160x100.png/cc0000/ffffff", "profile_link": "http://dummyimage.com/186x100.png/5fa2dd/ffffff", "password": "LbvK9UuwMAK", "phone_number": "129-561-9373", "email": "vgreenan26@cbc.ca", "dob": "2022-09-09T00:00:00Z", "address": "0199 Ohio Point", "city": 85, "is_blocked": false, "is_email_verified": false, "gender": 0, "groups": [], "user_permissions": []}}, {"model": "bhealthapp.user", "pk": 80, "fields": {"last_login": "2023-01-26T00:00:00Z", "is_superuser": false, "first_name": "Gerik", "last_name": "Ibel", "is_staff": true, "is_active": true, "date_joined": "2023-01-30T00:00:00Z", "username": "gibel27", "profile_picture": "http://dummyimage.com/192x100.png/ff4444/ffffff", "profile_link": "http://dummyimage.com/115x100.png/5fa2dd/ffffff", "password": "kfW8bBjV", "phone_number": "247-680-9365", "email": "gibel27@nsw.gov.au", "dob": "2022-11-05T00:00:00Z", "address": "5 Reinke Crossing", "city": 7, "is_blocked": true, "is_email_verified": true, "gender": 1, "groups": [], "user_permissions": []}}, {"model": "bhealthapp.user", "pk": 81, "fields": {"last_login": "2022-08-19T00:00:00Z", "is_superuser": false, "first_name": "Starlene", "last_name": "Dermot", "is_staff": false, "is_active": true, "date_joined": "2023-01-31T00:00:00Z", "username": "sdermot28", "profile_picture": "http://dummyimage.com/215x100.png/dddddd/000000", "profile_link": "http://dummyimage.com/180x100.png/5fa2dd/ffffff", "password": "0OosZ3GKGFM", "phone_number": "124-297-0142", "email": "sdermot28@sourceforge.net", "dob": "2022-08-13T00:00:00Z", "address": "2739 Charing Cross Street", "city": 10, "is_blocked": true, "is_email_verified": false, "gender": 1, "groups": [], "user_permissions": []}}, {"model": "bhealthapp.user", "pk": 82, "fields": {"last_login": "2022-10-01T00:00:00Z", "is_superuser": false, "first_name": "Krystle", "last_name": "Miquelet", "is_staff": true, "is_active": true, "date_joined": "2022-09-24T00:00:00Z", "username": "kmiquelet29", "profile_picture": "http://dummyimage.com/169x100.png/cc0000/ffffff", "profile_link": "http://dummyimage.com/166x100.png/dddddd/000000", "password": "kcaYyLmT", "phone_number": "193-327-2235", "email": "kmiquelet29@netvibes.com", "dob": "2022-04-09T00:00:00Z", "address": "93 Rusk Plaza", "city": 76, "is_blocked": false, "is_email_verified": true, "gender": 1, "groups": [], "user_permissions": []}}, {"model": "bhealthapp.user", "pk": 83, "fields": {"last_login": "2022-08-03T00:00:00Z", "is_superuser": true, "first_name": "Marty", "last_name": "Kochel", "is_staff": false, "is_active": false, "date_joined": "2022-09-30T00:00:00Z", "username": "mkochel2a", "profile_picture": "http://dummyimage.com/248x100.png/cc0000/ffffff", "profile_link": "http://dummyimage.com/205x100.png/cc0000/ffffff", "password": "CDR30HfV6khQ", "phone_number": "568-857-2256", "email": "mkochel2a@sphinn.com", "dob": "2022-08-14T00:00:00Z", "address": "6265 Thackeray Circle", "city": 83, "is_blocked": true, "is_email_verified": true, "gender": 1, "groups": [], "user_permissions": []}}, {"model": "bhealthapp.user", "pk": 84, "fields": {"last_login": "2022-09-29T00:00:00Z", "is_superuser": true, "first_name": "Wandie", "last_name": "Partener", "is_staff": false, "is_active": true, "date_joined": "2022-04-07T00:00:00Z", "username": "wpartener2b", "profile_picture": "http://dummyimage.com/152x100.png/5fa2dd/ffffff", "profile_link": "http://dummyimage.com/142x100.png/ff4444/ffffff", "password": "veXPweJ", "phone_number": "599-693-6110", "email": "wpartener2b@ocn.ne.jp", "dob": "2022-04-02T00:00:00Z", "address": "8336 Portage Terrace", "city": 20, "is_blocked": false, "is_email_verified": false, "gender": 0, "groups": [], "user_permissions": []}}, {"model": "bhealthapp.user", "pk": 85, "fields": {"last_login": "2022-09-19T00:00:00Z", "is_superuser": true, "first_name": "Ardelia", "last_name": "Leyson", "is_staff": false, "is_active": true, "date_joined": "2022-04-20T00:00:00Z", "username": "aleyson2c", "profile_picture": "http://dummyimage.com/241x100.png/dddddd/000000", "profile_link": "http://dummyimage.com/101x100.png/5fa2dd/ffffff", "password": "o5WXSY9881T", "phone_number": "834-770-5900", "email": "aleyson2c@google.com.hk", "dob": "2023-02-17T00:00:00Z", "address": "1 Holy Cross Alley", "city": 31, "is_blocked": false, "is_email_verified": true, "gender": 0, "groups": [], "user_permissions": []}}, {"model": "bhealthapp.user", "pk": 86, "fields": {"last_login": "2022-06-27T00:00:00Z", "is_superuser": true, "first_name": "Cyril", "last_name": "Zecchii", "is_staff": false, "is_active": false, "date_joined": "2022-06-06T00:00:00Z", "username": "czecchii2d", "profile_picture": "http://dummyimage.com/124x100.png/dddddd/000000", "profile_link": "http://dummyimage.com/223x100.png/dddddd/000000", "password": "K5HU9kad71", "phone_number": "395-787-4309", "email": "czecchii2d@free.fr", "dob": "2022-12-07T00:00:00Z", "address": "1461 Manley Court", "city": 74, "is_blocked": false, "is_email_verified": true, "gender": 0, "groups": [], "user_permissions": []}}, {"model": "bhealthapp.user", "pk": 87, "fields": {"last_login": "2023-02-15T00:00:00Z", "is_superuser": true, "first_name": "Matty", "last_name": "Gristwood", "is_staff": false, "is_active": false, "date_joined": "2023-03-12T00:00:00Z", "username": "mgristwood2e", "profile_picture": "http://dummyimage.com/199x100.png/cc0000/ffffff", "profile_link": "http://dummyimage.com/168x100.png/dddddd/000000", "password": "R8eW4Mef", "phone_number": "877-714-1254", "email": "mgristwood2e@hp.com", "dob": "2023-03-08T00:00:00Z", "address": "14866 Novick Point", "city": 76, "is_blocked": true, "is_email_verified": true, "gender": 0, "groups": [], "user_permissions": []}}, {"model": "bhealthapp.user", "pk": 88, "fields": {"last_login": "2023-02-08T00:00:00Z", "is_superuser": false, "first_name": "Krissie", "last_name": "Sawforde", "is_staff": false, "is_active": false, "date_joined": "2022-09-13T00:00:00Z", "username": "ksawforde2f", "profile_picture": "http://dummyimage.com/108x100.png/ff4444/ffffff", "profile_link": "http://dummyimage.com/202x100.png/5fa2dd/ffffff", "password": "1zbZZ9t", "phone_number": "208-307-4611", "email": "ksawforde2f@elegantthemes.com", "dob": "2022-09-30T00:00:00Z", "address": "384 1st Alley", "city": 42, "is_blocked": false, "is_email_verified": false, "gender": 1, "groups": [], "user_permissions": []}}, {"model": "bhealthapp.user", "pk": 89, "fields": {"last_login": "2022-12-06T00:00:00Z", "is_superuser": true, "first_name": "Tatiania", "last_name": "Jiru", "is_staff": false, "is_active": false, "date_joined": "2022-09-04T00:00:00Z", "username": "tjiru2g", "profile_picture": "http://dummyimage.com/157x100.png/5fa2dd/ffffff", "profile_link": "http://dummyimage.com/246x100.png/5fa2dd/ffffff", "password": "pyyp0bHgtYt3", "phone_number": "189-878-5314", "email": "tjiru2g@blogger.com", "dob": "2022-12-28T00:00:00Z", "address": "20 Steensland Point", "city": 24, "is_blocked": false, "is_email_verified": false, "gender": 0, "groups": [], "user_permissions": []}}, {"model": "bhealthapp.user", "pk": 90, "fields": {"last_login": "2023-01-01T00:00:00Z", "is_superuser": false, "first_name": "Freddy", "last_name": "Simester", "is_staff": true, "is_active": true, "date_joined": "2023-02-13T00:00:00Z", "username": "fsimester2h", "profile_picture": "http://dummyimage.com/125x100.png/5fa2dd/ffffff", "profile_link": "http://dummyimage.com/192x100.png/ff4444/ffffff", "password": "pWLb8iMO", "phone_number": "917-212-8335", "email": "fsimester2h@cafepress.com", "dob": "2022-09-28T00:00:00Z", "address": "135 Aberg Lane", "city": 6, "is_blocked": false, "is_email_verified": true, "gender": 1, "groups": [], "user_permissions": []}}, {"model": "bhealthapp.user", "pk": 91, "fields": {"last_login": "2023-02-19T00:00:00Z", "is_superuser": false, "first_name": "Titos", "last_name": "Whitloe", "is_staff": true, "is_active": true, "date_joined": "2022-06-11T00:00:00Z", "username": "twhitloe2i", "profile_picture": "http://dummyimage.com/221x100.png/cc0000/ffffff", "profile_link": "http://dummyimage.com/166x100.png/cc0000/ffffff", "password": "wMd2k0OaG", "phone_number": "368-107-1736", "email": "twhitloe2i@answers.com", "dob": "2022-06-06T00:00:00Z", "address": "76165 Dapin Terrace", "city": 70, "is_blocked": false, "is_email_verified": false, "gender": 1, "groups": [], "user_permissions": []}}, {"model": "bhealthapp.user", "pk": 92, "fields": {"last_login": "2022-08-31T00:00:00Z", "is_superuser": true, "first_name": "Cybill", "last_name": "Van Brug", "is_staff": true, "is_active": true, "date_joined": "2022-11-30T00:00:00Z", "username": "cvanbrug2j", "profile_picture": "http://dummyimage.com/230x100.png/dddddd/000000", "profile_link": "http://dummyimage.com/207x100.png/cc0000/ffffff", "password": "MHqKMqi", "phone_number": "603-676-8668", "email": "cvanbrug2j@springer.com", "dob": "2023-02-23T00:00:00Z", "address": "59 Macpherson Junction", "city": 98, "is_blocked": true, "is_email_verified": false, "gender": 0, "groups": [], "user_permissions": []}}, {"model": "bhealthapp.user", "pk": 93, "fields": {"last_login": "2022-12-30T00:00:00Z", "is_superuser": true, "first_name": "Lyndell", "last_name": "Tallis", "is_staff": true, "is_active": false, "date_joined": "2022-09-12T00:00:00Z", "username": "ltallis2k", "profile_picture": "http://dummyimage.com/217x100.png/5fa2dd/ffffff", "profile_link": "http://dummyimage.com/216x100.png/cc0000/ffffff", "password": "XYvpyND6EicH", "phone_number": "952-258-3405", "email": "ltallis2k@ftc.gov", "dob": "2022-07-05T00:00:00Z", "address": "3169 Cottonwood Alley", "city": 57, "is_blocked": false, "is_email_verified": true, "gender": 1, "groups": [], "user_permissions": []}}, {"model": "bhealthapp.user", "pk": 94, "fields": {"last_login": "2022-05-08T00:00:00Z", "is_superuser": true, "first_name": "Carolina", "last_name": "Isles", "is_staff": false, "is_active": true, "date_joined": "2023-01-16T00:00:00Z", "username": "cisles2l", "profile_picture": "http://dummyimage.com/157x100.png/ff4444/ffffff", "profile_link": "http://dummyimage.com/226x100.png/5fa2dd/ffffff", "password": "NNTKYG8vc6l", "phone_number": "538-203-1077", "email": "cisles2l@ustream.tv", "dob": "2022-12-25T00:00:00Z", "address": "3539 Oak Valley Drive", "city": 46, "is_blocked": true, "is_email_verified": true, "gender": 1, "groups": [], "user_permissions": []}}, {"model": "bhealthapp.user", "pk": 95, "fields": {"last_login": "2022-12-22T00:00:00Z", "is_superuser": false, "first_name": "Sande", "last_name": "Roome", "is_staff": false, "is_active": true, "date_joined": "2022-10-02T00:00:00Z", "username": "sroome2m", "profile_picture": "http://dummyimage.com/106x100.png/ff4444/ffffff", "profile_link": "http://dummyimage.com/181x100.png/ff4444/ffffff", "password": "aZZN5xrZiUA", "phone_number": "272-604-2889", "email": "sroome2m@wiley.com", "dob": "2022-10-03T00:00:00Z", "address": "096 Mcbride Crossing", "city": 86, "is_blocked": true, "is_email_verified": true, "gender": 1, "groups": [], "user_permissions": []}}, {"model": "bhealthapp.user", "pk": 96, "fields": {"last_login": "2023-02-17T00:00:00Z", "is_superuser": true, "first_name": "Adam", "last_name": "MacKeever", "is_staff": false, "is_active": false, "date_joined": "2023-01-02T00:00:00Z", "username": "amackeever2n", "profile_picture": "http://dummyimage.com/145x100.png/dddddd/000000", "profile_link": "http://dummyimage.com/241x100.png/cc0000/ffffff", "password": "N3Nvo0", "phone_number": "764-735-7092", "email": "amackeever2n@photobucket.com", "dob": "2022-11-14T00:00:00Z", "address": "56 Grayhawk Point", "city": 86, "is_blocked": true, "is_email_verified": false, "gender": 0, "groups": [], "user_permissions": []}}, {"model": "bhealthapp.user", "pk": 97, "fields": {"last_login": "2022-12-15T00:00:00Z", "is_superuser": true, "first_name": "Tomkin", "last_name": "Kann", "is_staff": false, "is_active": false, "date_joined": "2023-03-06T00:00:00Z", "username": "tkann2o", "profile_picture": "http://dummyimage.com/139x100.png/ff4444/ffffff", "profile_link": "http://dummyimage.com/175x100.png/5fa2dd/ffffff", "password": "UGAh4w", "phone_number": "107-772-0779", "email": "tkann2o@last.fm", "dob": "2022-07-20T00:00:00Z", "address": "79739 Jenna Avenue", "city": 74, "is_blocked": false, "is_email_verified": true, "gender": 0, "groups": [], "user_permissions": []}}, {"model": "bhealthapp.user", "pk": 98, "fields": {"last_login": "2022-03-29T00:00:00Z", "is_superuser": true, "first_name": "Esme", "last_name": "Barrowcliffe", "is_staff": true, "is_active": false, "date_joined": "2022-04-02T00:00:00Z", "username": "ebarrowcliffe2p", "profile_picture": "http://dummyimage.com/106x100.png/dddddd/000000", "profile_link": "http://dummyimage.com/159x100.png/cc0000/ffffff", "password": "Zk8XOHMvq6", "phone_number": "855-205-9498", "email": "ebarrowcliffe2p@hubpages.com", "dob": "2023-01-13T00:00:00Z", "address": "204 Glacier Hill Place", "city": 43, "is_blocked": true, "is_email_verified": false, "gender": 1, "groups": [], "user_permissions": []}}, {"model": "bhealthapp.user", "pk": 99, "fields": {"last_login": "2022-04-11T00:00:00Z", "is_superuser": true, "first_name": "Olivie", "last_name": "Aumerle", "is_staff": false, "is_active": true, "date_joined": "2022-08-29T00:00:00Z", "username": "oaumerle2q", "profile_picture": "http://dummyimage.com/132x100.png/ff4444/ffffff", "profile_link": "http://dummyimage.com/242x100.png/cc0000/ffffff", "password": "dGQAbe8T", "phone_number": "544-889-7760", "email": "oaumerle2q@hostgator.com", "dob": "2022-03-26T00:00:00Z", "address": "1 Independence Center", "city": 89, "is_blocked": true, "is_email_verified": false, "gender": 0, "groups": [], "user_permissions": []}}, {"model": "bhealthapp.user", "pk": 100, "fields": {"last_login": "2022-12-07T00:00:00Z", "is_superuser": true, "first_name": "Laura", "last_name": "Lightwood", "is_staff": false, "is_active": false, "date_joined": "2023-03-08T00:00:00Z", "username": "llightwood2r", "profile_picture": "http://dummyimage.com/201x100.png/5fa2dd/ffffff", "profile_link": "http://dummyimage.com/190x100.png/cc0000/ffffff", "password": "nMINRvaph7FP", "phone_number": "888-835-6962", "email": "llightwood2r@army.mil", "dob": "2022-11-15T00:00:00Z", "address": "74155 Garrison Circle", "city": 92, "is_blocked": false, "is_email_verified": false, "gender": 0, "groups": [], "user_permissions": []}}, {"model": "bhealthapp.user", "pk": 101, "fields": {"last_login": "2021-12-21T00:00:00Z", "is_superuser": true, "first_name": "Adna", "last_name": "Salkovic", "is_staff": true, "is_active": true, "date_joined": "2021-06-22T00:00:00Z", "username": "adnasal", "profile_picture": "http://dummyimage.com/235x100.png/5fa2dd/ffffff", "profile_link": "http://dummyimage.com/198x100.png/cc0000/ffffff", "password": "password", "phone_number": "1202002", "email": "adna@gmail.com", "dob": "2021-07-13T00:00:00Z", "address": "92403 Forest Run Park", "city": 101, "is_blocked": false, "is_email_verified": true, "gender": 1, "groups": [], "user_permissions": []}}, {"model": "bhealthapp.user", "pk": 102, "fields": {"last_login": "2022-04-15T00:00:00Z", "is_superuser": false, "first_name": "Pru", "last_name": "Scroggins", "is_staff": true, "is_active": false, "date_joined": "2022-09-14T00:00:00Z", "username": "pscroggins1", "profile_picture": "http://dummyimage.com/181x100.png/5fa2dd/ffffff", "profile_link": "http://dummyimage.com/220x100.png/dddddd/000000", "password": "mz2e6TvYal", "phone_number": "544-442-4140", "email": "pscroggins1@tumblr.com", "dob": "2023-03-13T00:00:00Z", "address": "5372 Mcbride Lane", "city": 98, "is_blocked": true, "is_email_verified": true, "gender": 1, "groups": [], "user_permissions": []}}, {"model": "bhealthapp.lab", "pk": 1, "fields": {"city": 1, "name": "Stamm Group", "password": "LYjMw0e", "address": "8 Blue Bill Park Lane", "phone_number": "240-227-0510", "email": "jsouthcombe0@reference.com", "website": "https://com.com/convallis/morbi/odio.json?odio=cubilia"}}, {"model": "bhealthapp.lab", "pk": 2, "fields": {"city": 2, "name": "Schneider Group", "password": "sqKwD0Z4", "address": "4660 Banding Center", "phone_number": "104-140-2220", "email": "kgrason1@nyu.edu", "website": "https://com.com/convallis/morbi/odio.json?odio=cubilia"}}, {"model": "bhealthapp.lab", "pk": 3, "fields": {"city": 3, "name": "Nikolaus and Sons", "password": "1CS7A8", "address": "61 Lotheville Center", "phone_number": "696-945-3568", "email": "edublin2@blogger.com", "website": "https://com.com/convallis/morbi/odio.json?odio=cubilia"}}, {"model": "bhealthapp.lab", "pk": 4, "fields": {"city": 4, "name": "Schmeler, Grady and Lesch", "password": "Ys26iFEEZ", "address": "23 Pond Trail", "phone_number": "143-487-4670", "email": "nmacascaidh3@umich.edu", "website": "https://com.com/convallis/morbi/odio.json?odio=cubilia"}}, {"model": "bhealthapp.lab", "pk": 5, "fields": {"city": 5, "name": "Gutmann-Sawayn", "password": "4Y8wKAe1a", "address": "5228 Bowman Point", "phone_number": "149-143-3654", "email": "mchidlow4@pcworld.com", "website": "https://com.com/convallis/morbi/odio.json?odio=cubilia"}}, {"model": "bhealthapp.lab", "pk": 6, "fields": {"city": 6, "name": "Adams, Cassin and Dooley", "password": "YxPN6uwRUk", "address": "79 Carberry Parkway", "phone_number": "761-962-4448", "email": "mbaudouin5@ox.ac.uk", "website": "https://com.com/convallis/morbi/odio.json?odio=cubilia"}}, {"model": "bhealthapp.lab", "pk": 7, "fields": {"city": 7, "name": "Dooley-Hilll", "password": "68KQICY", "address": "509 Scoville Point", "phone_number": "678-485-5800", "email": "cfirminger6@state.tx.us", "website": "https://com.com/convallis/morbi/odio.json?odio=cubilia"}}, {"model": "bhealthapp.lab", "pk": 8, "fields": {"city": 8, "name": "Hansen-Davis", "password": "Z35GLiSsm", "address": "1 Ramsey Hill", "phone_number": "825-363-7245", "email": "lcossum7@dagondesign.com", "website": "https://com.com/convallis/morbi/odio.json?odio=cubilia"}}, {"model": "bhealthapp.lab", "pk": 9, "fields": {"city": 9, "name": "Heathcote-Lubowitz", "password": "3vPAdolMrKz", "address": "79 Gina Hill", "phone_number": "496-441-6615", "email": "mscawn8@plala.or.jp", "website": "https://com.com/convallis/morbi/odio.json?odio=cubilia"}}, {"model": "bhealthapp.lab", "pk": 10, "fields": {"city": 10, "name": "Homenick-Wiegand", "password": "QmX08aLmC", "address": "03410 Bellgrove Park", "phone_number": "397-600-8997", "email": "rsandsallan9@dell.com", "website": "https://com.com/convallis/morbi/odio.json?odio=cubilia"}}, {"model": "bhealthapp.lab", "pk": 11, "fields": {"city": 11, "name": "Tremblay-Kovacek", "password": "Bn2hIuWtL", "address": "7185 Almo Circle", "phone_number": "628-938-0237", "email": "dscarlona@wikispaces.com", "website": "https://com.com/convallis/morbi/odio.json?odio=cubilia"}}, {"model": "bhealthapp.lab", "pk": 12, "fields": {"city": 12, "name": "Towne-Renner", "password": "6XuLxV", "address": "706 Maywood Alley", "phone_number": "777-950-1455", "email": "xbatripb@angelfire.com", "website": "https://com.com/convallis/morbi/odio.json?odio=cubilia"}}, {"model": "bhealthapp.lab", "pk": 13, "fields": {"city": 13, "name": "Herman, Towne and Lowe", "password": "SlRJq17yy0pf", "address": "398 Dexter Place", "phone_number": "515-888-4825", "email": "svlachc@answers.com", "website": "https://com.com/convallis/morbi/odio.json?odio=cubilia"}}, {"model": "bhealthapp.lab", "pk": 14, "fields": {"city": 14, "name": "Gislason, Tremblay and Jerde", "password": "UgYvSePtZ", "address": "74 Ludington Alley", "phone_number": "802-349-6025", "email": "brayltond@mit.edu", "website": "https://com.com/convallis/morbi/odio.json?odio=cubilia"}}, {"model": "bhealthapp.lab", "pk": 15, "fields": {"city": 15, "name": "Hoppe, Olson and Gislason", "password": "kfl3tkL6", "address": "09164 Anniversary Center", "phone_number": "242-554-3345", "email": "tkillingsworthe@disqus.com", "website": "https://com.com/convallis/morbi/odio.json?odio=cubilia"}}, {"model": "bhealthapp.lab", "pk": 16, "fields": {"city": 16, "name": "Corkery, Pfeffer and Larkin", "password": "YxHOZrE04T", "address": "8541 Columbus Junction", "phone_number": "962-371-6866", "email": "dhendrichsf@wikimedia.org", "website": "https://com.com/convallis/morbi/odio.json?odio=cubilia"}}, {"model": "bhealthapp.lab", "pk": 17, "fields": {"city": 17, "name": "Bogisich Inc", "password": "Wcg0fq", "address": "7469 Sloan Circle", "phone_number": "989-601-6426", "email": "hjulyg@list-manage.com", "website": "https://com.com/convallis/morbi/odio.json?odio=cubilia"}}, {"model": "bhealthapp.lab", "pk": 18, "fields": {"city": 18, "name": "Koss LLC", "password": "KUfOKGlpsQ", "address": "2360 Montana Park", "phone_number": "159-918-3002", "email": "rborleyh@earthlink.net", "website": "https://com.com/convallis/morbi/odio.json?odio=cubilia"}}, {"model": "bhealthapp.lab", "pk": 19, "fields": {"city": 19, "name": "Will-Cremin", "password": "ZPaesivBXli", "address": "0 Lerdahl Street", "phone_number": "935-253-4348", "email": "glegioni@nyu.edu", "website": "https://com.com/convallis/morbi/odio.json?odio=cubilia"}}, {"model": "bhealthapp.lab", "pk": 20, "fields": {"city": 20, "name": "DuBuque-Herzog", "password": "ZHC2T879ASw", "address": "41589 Dakota Trail", "phone_number": "718-853-8537", "email": "nrichtenj@usgs.gov", "website": "https://com.com/convallis/morbi/odio.json?odio=cubilia"}}, {"model": "bhealthapp.lab", "pk": 21, "fields": {"city": 21, "name": "Wilkinson Group", "password": "9lMCQwIx4Q", "address": "00 Daystar Crossing", "phone_number": "290-235-6757", "email": "rgrichukhanovk@blinklist.com", "website": "https://com.com/convallis/morbi/odio.json?odio=cubilia"}}, {"model": "bhealthapp.lab", "pk": 22, "fields": {"city": 22, "name": "Beier-Mertz", "password": "jAWPdw", "address": "93224 Derek Circle", "phone_number": "844-329-5713", "email": "jondracekl@independent.co.uk", "website": "https://com.com/convallis/morbi/odio.json?odio=cubilia"}}, {"model": "bhealthapp.lab", "pk": 23, "fields": {"city": 23, "name": "Schuster-Marks", "password": "IXi1IYDTspz", "address": "57 Pond Lane", "phone_number": "903-155-7040", "email": "efarryanm@jigsy.com", "website": "https://com.com/convallis/morbi/odio.json?odio=cubilia"}}, {"model": "bhealthapp.lab", "pk": 24, "fields": {"city": 24, "name": "Nikolaus, McClure and Littel", "password": "ZFhQ8fHu", "address": "07810 Southridge Crossing", "phone_number": "446-859-7502", "email": "rbassn@examiner.com", "website": "https://com.com/convallis/morbi/odio.json?odio=cubilia"}}, {"model": "bhealthapp.lab", "pk": 25, "fields": {"city": 25, "name": "Reichert-Hauck", "password": "TmbdA7Mwx5", "address": "66717 5th Junction", "phone_number": "373-661-4241", "email": "ddoggo@princeton.edu", "website": "https://com.com/convallis/morbi/odio.json?odio=cubilia"}}, {"model": "bhealthapp.lab", "pk": 26, "fields": {"city": 26, "name": "Cormier-Torp", "password": "UoOnan", "address": "5 East Way", "phone_number": "340-536-1311", "email": "rinnettp@jalbum.net", "website": "https://com.com/convallis/morbi/odio.json?odio=cubilia"}}, {"model": "bhealthapp.lab", "pk": 27, "fields": {"city": 27, "name": "Mayer-Upton", "password": "SOD4CX", "address": "5 Emmet Circle", "phone_number": "241-997-8530", "email": "btyrieq@imgur.com", "website": "https://com.com/convallis/morbi/odio.json?odio=cubilia"}}, {"model": "bhealthapp.lab", "pk": 28, "fields": {"city": 28, "name": "Ledner, Carroll and Stanton", "password": "fHnlmofS", "address": "6834 Fieldstone Hill", "phone_number": "169-303-3256", "email": "wfraczakr@wordpress.org", "website": "https://com.com/convallis/morbi/odio.json?odio=cubilia"}}, {"model": "bhealthapp.lab", "pk": 29, "fields": {"city": 29, "name": "Hessel Inc", "password": "0W2U3cr7wOO", "address": "00837 Marcy Lane", "phone_number": "472-671-1219", "email": "dpankethmans@blog.com", "website": "https://com.com/convallis/morbi/odio.json?odio=cubilia"}}, {"model": "bhealthapp.lab", "pk": 30, "fields": {"city": 30, "name": "Morissette-Koss", "password": "SWbe880vV", "address": "783 Ruskin Crossing", "phone_number": "575-985-8443", "email": "dsherlawt@nifty.com", "website": "https://com.com/convallis/morbi/odio.json?odio=cubilia"}}, {"model": "bhealthapp.lab", "pk": 31, "fields": {"city": 31, "name": "Koepp, Kilback and Gusikowski", "password": "ftD2HDXN", "address": "31 Butternut Drive", "phone_number": "988-937-6839", "email": "jfrunksu@ucla.edu", "website": "https://com.com/convallis/morbi/odio.json?odio=cubilia"}}, {"model": "bhealthapp.lab", "pk": 32, "fields": {"city": 32, "name": "Schmeler, Bergnaum and Zieme", "password": "WaSP2lf", "address": "9 Bultman Pass", "phone_number": "229-738-6756", "email": "nebbingsv@simplemachines.org", "website": "https://com.com/convallis/morbi/odio.json?odio=cubilia"}}, {"model": "bhealthapp.lab", "pk": 33, "fields": {"city": 33, "name": "Volkman-Marks", "password": "kxfTXuz", "address": "91271 Meadow Ridge Road", "phone_number": "440-476-7963", "email": "mforsydew@amazonaws.com", "website": "https://com.com/convallis/morbi/odio.json?odio=cubilia"}}, {"model": "bhealthapp.lab", "pk": 34, "fields": {"city": 34, "name": "Lind LLC", "password": "jDb0Sh4n", "address": "360 Anzinger Avenue", "phone_number": "281-507-3829", "email": "sbourtonx@phoca.cz", "website": "https://com.com/convallis/morbi/odio.json?odio=cubilia"}}, {"model": "bhealthapp.lab", "pk": 35, "fields": {"city": 35, "name": "Koelpin-Cremin", "password": "MoaEYf", "address": "14715 Nancy Circle", "phone_number": "122-713-2990", "email": "chyslopy@marriott.com", "website": "https://com.com/convallis/morbi/odio.json?odio=cubilia"}}, {"model": "bhealthapp.lab", "pk": 36, "fields": {"city": 36, "name": "Boyle Group", "password": "zy9qJ9kl", "address": "9515 Karstens Road", "phone_number": "207-524-5706", "email": "stuplingz@dedecms.com", "website": "https://com.com/convallis/morbi/odio.json?odio=cubilia"}}, {"model": "bhealthapp.lab", "pk": 37, "fields": {"city": 37, "name": "Brekke, Kessler and Wisoky", "password": "m184HEKMa3", "address": "24 Debra Hill", "phone_number": "865-994-8457", "email": "fritchman10@gravatar.com", "website": "https://com.com/convallis/morbi/odio.json?odio=cubilia"}}, {"model": "bhealthapp.lab", "pk": 38, "fields": {"city": 38, "name": "Gislason, Emmerich and Christiansen", "password": "cvhIDPRwsAJ", "address": "9292 Mitchell Way", "phone_number": "417-879-9236", "email": "lbartkowiak11@nymag.com", "website": "https://com.com/convallis/morbi/odio.json?odio=cubilia"}}, {"model": "bhealthapp.lab", "pk": 39, "fields": {"city": 39, "name": "Buckridge, Ratke and Kshlerin", "password": "KYJ5RV", "address": "935 Sauthoff Trail", "phone_number": "156-393-6825", "email": "rrubinek12@ask.com", "website": "https://com.com/convallis/morbi/odio.json?odio=cubilia"}}, {"model": "bhealthapp.lab", "pk": 40, "fields": {"city": 40, "name": "Boehm-Mayert", "password": "eVrWu7q1q4Z", "address": "37257 Calypso Plaza", "phone_number": "498-763-6584", "email": "acovington13@soup.io", "website": "https://com.com/convallis/morbi/odio.json?odio=cubilia"}}, {"model": "bhealthapp.lab", "pk": 41, "fields": {"city": 41, "name": "Nitzsche Inc", "password": "mKcTrA5", "address": "64 Schlimgen Circle", "phone_number": "229-617-6041", "email": "mkiefer14@discuz.net", "website": "https://com.com/convallis/morbi/odio.json?odio=cubilia"}}, {"model": "bhealthapp.lab", "pk": 42, "fields": {"city": 42, "name": "Tremblay-DuBuque", "password": "Luk91pv", "address": "10 Badeau Alley", "phone_number": "385-241-2901", "email": "msprankling15@tiny.cc", "website": "https://com.com/convallis/morbi/odio.json?odio=cubilia"}}, {"model": "bhealthapp.lab", "pk": 43, "fields": {"city": 43, "name": "Morar-Cartwright", "password": "LA3su0N3Wrr9", "address": "94 Harper Avenue", "phone_number": "877-521-9319", "email": "nmccorkell16@independent.co.uk", "website": "https://com.com/convallis/morbi/odio.json?odio=cubilia"}}, {"model": "bhealthapp.lab", "pk": 44, "fields": {"city": 44, "name": "Wolff Inc", "password": "XKKewo5f", "address": "7180 Lukken Crossing", "phone_number": "558-828-3569", "email": "rfelkin17@lulu.com", "website": "https://com.com/convallis/morbi/odio.json?odio=cubilia"}}, {"model": "bhealthapp.lab", "pk": 45, "fields": {"city": 45, "name": "Vandervort-Crist", "password": "voDmJHBvvm", "address": "734 Everett Crossing", "phone_number": "588-952-9262", "email": "tcockett18@state.gov", "website": "https://com.com/convallis/morbi/odio.json?odio=cubilia"}}, {"model": "bhealthapp.lab", "pk": 46, "fields": {"city": 46, "name": "Aufderhar-Casper", "password": "ny5pvEQmgz", "address": "78698 Daystar Avenue", "phone_number": "454-332-4843", "email": "trubartelli19@china.com.cn", "website": "https://com.com/convallis/morbi/odio.json?odio=cubilia"}}, {"model": "bhealthapp.lab", "pk": 47, "fields": {"city": 47, "name": "McKenzie Inc", "password": "iQpBphxjffZ", "address": "7521 Graedel Junction", "phone_number": "315-222-6596", "email": "srominov1a@webs.com", "website": "https://com.com/convallis/morbi/odio.json?odio=cubilia"}}, {"model": "bhealthapp.lab", "pk": 48, "fields": {"city": 48, "name": "Waters Inc", "password": "7o8pDJqns", "address": "09 Pankratz Avenue", "phone_number": "848-321-8453", "email": "wkinkaid1b@51.la", "website": "https://com.com/convallis/morbi/odio.json?odio=cubilia"}}, {"model": "bhealthapp.lab", "pk": 49, "fields": {"city": 49, "name": "Hodkiewicz Inc", "password": "Z0ins4c4R", "address": "3 Orin Alley", "phone_number": "960-816-9671", "email": "tdooney1c@youku.com", "website": "https://com.com/convallis/morbi/odio.json?odio=cubilia"}}, {"model": "bhealthapp.lab", "pk": 50, "fields": {"city": 50, "name": "Bartell Group", "password": "XU46N5DKk", "address": "5 Montana Street", "phone_number": "881-376-4316", "email": "mpuddan1d@businesswire.com", "website": "https://com.com/convallis/morbi/odio.json?odio=cubilia"}}, {"model": "bhealthapp.lab", "pk": 51, "fields": {"city": 51, "name": "Lang-Bode", "password": "Srh4lvK8E32", "address": "53261 Fairfield Place", "phone_number": "257-635-3766", "email": "wluthwood1e@bluehost.com", "website": "https://com.com/convallis/morbi/odio.json?odio=cubilia"}}, {"model": "bhealthapp.lab", "pk": 52, "fields": {"city": 52, "name": "Cassin-Bruen", "password": "BsbWbw", "address": "0 6th Pass", "phone_number": "190-649-9810", "email": "rmcilhone1f@xrea.com", "website": "https://com.com/convallis/morbi/odio.json?odio=cubilia"}}, {"model": "bhealthapp.lab", "pk": 53, "fields": {"city": 53, "name": "Roob, Sipes and Olson", "password": "YD61uUvPDdWB", "address": "4452 Pawling Road", "phone_number": "781-624-2042", "email": "cstubbin1g@hostgator.com", "website": "https://com.com/convallis/morbi/odio.json?odio=cubilia"}}, {"model": "bhealthapp.lab", "pk": 54, "fields": {"city": 54, "name": "Leannon, Cole and Kunde", "password": "ougwrbun", "address": "856 Evergreen Hill", "phone_number": "187-289-8290", "email": "clabeuil1h@myspace.com", "website": "https://com.com/convallis/morbi/odio.json?odio=cubilia"}}, {"model": "bhealthapp.lab", "pk": 55, "fields": {"city": 55, "name": "Wuckert-Abshire", "password": "VNNZesdy4ke", "address": "10790 Center Road", "phone_number": "868-679-0276", "email": "mjarret1i@quantcast.com", "website": "https://com.com/convallis/morbi/odio.json?odio=cubilia"}}, {"model": "bhealthapp.lab", "pk": 56, "fields": {"city": 56, "name": "Haley, Shields and Abernathy", "password": "ARhcaOLx", "address": "652 Reinke Pass", "phone_number": "392-132-8367", "email": "bivanitsa1j@elegantthemes.com", "website": "https://com.com/convallis/morbi/odio.json?odio=cubilia"}}, {"model": "bhealthapp.lab", "pk": 57, "fields": {"city": 57, "name": "Feest, Bailey and Vandervort", "password": "QZivzILFq9v", "address": "39755 Dahle Place", "phone_number": "977-273-8570", "email": "ekonzelmann1k@java.com", "website": "https://com.com/convallis/morbi/odio.json?odio=cubilia"}}, {"model": "bhealthapp.lab", "pk": 58, "fields": {"city": 58, "name": "Miller LLC", "password": "JHcvKBt8Z", "address": "75657 Sutherland Street", "phone_number": "298-666-3299", "email": "keveringham1l@tinypic.com", "website": "https://com.com/convallis/morbi/odio.json?odio=cubilia"}}, {"model": "bhealthapp.lab", "pk": 59, "fields": {"city": 59, "name": "Fahey-VonRueden", "password": "KBg7hM02", "address": "9053 Susan Terrace", "phone_number": "149-848-1944", "email": "cshakesby1m@redcross.org", "website": "https://com.com/convallis/morbi/odio.json?odio=cubilia"}}, {"model": "bhealthapp.lab", "pk": 60, "fields": {"city": 60, "name": "Simonis, Witting and Upton", "password": "1xu1b5JlLfxW", "address": "40323 Union Terrace", "phone_number": "283-110-4636", "email": "dfreddi1n@disqus.com", "website": "https://com.com/convallis/morbi/odio.json?odio=cubilia"}}, {"model": "bhealthapp.lab", "pk": 61, "fields": {"city": 61, "name": "Ortiz, O'Conner and Schaden", "password": "vleuQnKFHq", "address": "1008 4th Avenue", "phone_number": "161-709-8624", "email": "claverock1o@networkadvertising.org", "website": "https://com.com/convallis/morbi/odio.json?odio=cubilia"}}, {"model": "bhealthapp.lab", "pk": 62, "fields": {"city": 62, "name": "Christiansen Group", "password": "BfJeTKy97Y", "address": "85 Scott Court", "phone_number": "708-407-1808", "email": "smacarthur1p@tumblr.com", "website": "https://com.com/convallis/morbi/odio.json?odio=cubilia"}}, {"model": "bhealthapp.lab", "pk": 63, "fields": {"city": 63, "name": "Swaniawski-Lowe", "password": "L2qz3pI", "address": "05941 Melrose Crossing", "phone_number": "607-304-8975", "email": "achatelot1q@hostgator.com", "website": "https://com.com/convallis/morbi/odio.json?odio=cubilia"}}, {"model": "bhealthapp.lab", "pk": 64, "fields": {"city": 64, "name": "Hansen Group", "password": "S1UunsjnZ", "address": "2 3rd Pass", "phone_number": "201-621-6234", "email": "etitley1r@ihg.com", "website": "https://com.com/convallis/morbi/odio.json?odio=cubilia"}}, {"model": "bhealthapp.lab", "pk": 65, "fields": {"city": 65, "name": "Reilly LLC", "password": "iiPAh5", "address": "40904 Garrison Way", "phone_number": "293-260-0527", "email": "spetrussi1s@stanford.edu", "website": "https://com.com/convallis/morbi/odio.json?odio=cubilia"}}, {"model": "bhealthapp.lab", "pk": 66, "fields": {"city": 66, "name": "McCullough and Sons", "password": "zAGohXB", "address": "3385 Brickson Park Park", "phone_number": "571-861-2717", "email": "hwhibley1t@woothemes.com", "website": "https://com.com/convallis/morbi/odio.json?odio=cubilia"}}, {"model": "bhealthapp.lab", "pk": 67, "fields": {"city": 67, "name": "Homenick, Conn and O'Connell", "password": "tdyPmXcme", "address": "1 Hermina Park", "phone_number": "106-468-0928", "email": "srogger1u@cam.ac.uk", "website": "https://com.com/convallis/morbi/odio.json?odio=cubilia"}}, {"model": "bhealthapp.lab", "pk": 68, "fields": {"city": 68, "name": "Fritsch, Schamberger and Christiansen", "password": "10VQB89Tzb", "address": "64 Dovetail Center", "phone_number": "932-703-1681", "email": "yducastel1v@google.de", "website": "https://com.com/convallis/morbi/odio.json?odio=cubilia"}}, {"model": "bhealthapp.lab", "pk": 69, "fields": {"city": 69, "name": "Kautzer LLC", "password": "sZ3p07s", "address": "81796 Porter Plaza", "phone_number": "883-432-0107", "email": "gbeamish1w@fema.gov", "website": "https://com.com/convallis/morbi/odio.json?odio=cubilia"}}, {"model": "bhealthapp.lab", "pk": 70, "fields": {"city": 70, "name": "Beer, Ruecker and Jakubowski", "password": "7GnFtA", "address": "800 Glendale Point", "phone_number": "258-633-7961", "email": "vmorilla1x@ucsd.edu", "website": "https://com.com/convallis/morbi/odio.json?odio=cubilia"}}, {"model": "bhealthapp.lab", "pk": 71, "fields": {"city": 71, "name": "O'Hara Inc", "password": "W2epwu5", "address": "0 Spenser Hill", "phone_number": "271-852-7122", "email": "hpratchett1y@pcworld.com", "website": "https://com.com/convallis/morbi/odio.json?odio=cubilia"}}, {"model": "bhealthapp.lab", "pk": 72, "fields": {"city": 72, "name": "Wehner-Kuphal", "password": "PXXbUBvVIX", "address": "49 International Terrace", "phone_number": "309-287-0186", "email": "fsaxon1z@istockphoto.com", "website": "https://com.com/convallis/morbi/odio.json?odio=cubilia"}}, {"model": "bhealthapp.lab", "pk": 73, "fields": {"city": 73, "name": "Hintz-Greenholt", "password": "qqdeGQSsU", "address": "28510 Tennyson Junction", "phone_number": "756-703-8248", "email": "ghutchason20@sakura.ne.jp", "website": "https://com.com/convallis/morbi/odio.json?odio=cubilia"}}, {"model": "bhealthapp.lab", "pk": 74, "fields": {"city": 74, "name": "Pollich-Rempel", "password": "c5YLFCfrRu", "address": "8 Milwaukee Lane", "phone_number": "750-970-4115", "email": "gsemerad21@ezinearticles.com", "website": "https://com.com/convallis/morbi/odio.json?odio=cubilia"}}, {"model": "bhealthapp.lab", "pk": 75, "fields": {"city": 75, "name": "Goldner-Boehm", "password": "icmZEGHgDj", "address": "676 Sundown Way", "phone_number": "961-213-9334", "email": "jamdohr22@ucoz.com", "website": "https://com.com/convallis/morbi/odio.json?odio=cubilia"}}, {"model": "bhealthapp.lab", "pk": 76, "fields": {"city": 76, "name": "Nikolaus, Lebsack and Larkin", "password": "zfuXzP", "address": "3768 Northridge Crossing", "phone_number": "149-740-1060", "email": "rserjeant23@rediff.com", "website": "https://com.com/convallis/morbi/odio.json?odio=cubilia"}}, {"model": "bhealthapp.lab", "pk": 77, "fields": {"city": 77, "name": "Parker, DuBuque and O'Reilly", "password": "uelTPYF", "address": "89 Dryden Park", "phone_number": "729-220-9190", "email": "llooker24@w3.org", "website": "https://com.com/convallis/morbi/odio.json?odio=cubilia"}}, {"model": "bhealthapp.lab", "pk": 78, "fields": {"city": 78, "name": "Beatty, Wunsch and Daugherty", "password": "7rKwVBNQTw0", "address": "3 2nd Road", "phone_number": "685-510-7841", "email": "tboome25@stumbleupon.com", "website": "https://com.com/convallis/morbi/odio.json?odio=cubilia"}}, {"model": "bhealthapp.lab", "pk": 79, "fields": {"city": 79, "name": "Boehm-Mosciski", "password": "81ln7D7", "address": "29755 La Follette Place", "phone_number": "537-880-8329", "email": "hbruty26@51.la", "website": "https://com.com/convallis/morbi/odio.json?odio=cubilia"}}, {"model": "bhealthapp.lab", "pk": 80, "fields": {"city": 80, "name": "Connelly, Romaguera and Kuvalis", "password": "dV1WULVWnL7", "address": "31 Kinsman Point", "phone_number": "395-222-9250", "email": "mridewood27@linkedin.com", "website": "https://com.com/convallis/morbi/odio.json?odio=cubilia"}}, {"model": "bhealthapp.lab", "pk": 81, "fields": {"city": 81, "name": "Feeney-Huel", "password": "rX9FR0HxmuH", "address": "272 Warbler Street", "phone_number": "570-235-8824", "email": "wpersian28@cbslocal.com", "website": "https://com.com/convallis/morbi/odio.json?odio=cubilia"}}, {"model": "bhealthapp.lab", "pk": 82, "fields": {"city": 82, "name": "Kuhn Group", "password": "tlVnj7WEX", "address": "633 Green Hill", "phone_number": "437-378-3217", "email": "scleeves29@jigsy.com", "website": "https://com.com/convallis/morbi/odio.json?odio=cubilia"}}, {"model": "bhealthapp.lab", "pk": 83, "fields": {"city": 83, "name": "Gleason Group", "password": "j77ppKU8E", "address": "312 Glacier Hill Terrace", "phone_number": "121-412-6406", "email": "dcahen2a@dropbox.com", "website": "https://com.com/convallis/morbi/odio.json?odio=cubilia"}}, {"model": "bhealthapp.lab", "pk": 84, "fields": {"city": 84, "name": "Mayer LLC", "password": "rh976nIuD", "address": "0364 Melvin Trail", "phone_number": "993-921-5543", "email": "hshorto2b@flickr.com", "website": "https://com.com/convallis/morbi/odio.json?odio=cubilia"}}, {"model": "bhealthapp.lab", "pk": 85, "fields": {"city": 85, "name": "Ortiz Inc", "password": "lta611QAnTmW", "address": "2 Menomonie Parkway", "phone_number": "330-530-3394", "email": "vdoy2c@smh.com.au", "website": "https://com.com/convallis/morbi/odio.json?odio=cubilia"}}, {"model": "bhealthapp.lab", "pk": 86, "fields": {"city": 86, "name": "Dickinson-Mraz", "password": "dncDkjk", "address": "291 Amoth Parkway", "phone_number": "688-764-1540", "email": "cmedford2d@blinklist.com", "website": "https://com.com/convallis/morbi/odio.json?odio=cubilia"}}, {"model": "bhealthapp.lab", "pk": 87, "fields": {"city": 87, "name": "Greenfelder-McCullough", "password": "RTUWbZ", "address": "9782 Arapahoe Place", "phone_number": "600-342-4676", "email": "erottery2e@fda.gov", "website": "https://com.com/convallis/morbi/odio.json?odio=cubilia"}}, {"model": "bhealthapp.lab", "pk": 88, "fields": {"city": 88, "name": "Gislason, Baumbach and Nienow", "password": "zVIJSllr", "address": "7059 Hazelcrest Road", "phone_number": "853-148-1700", "email": "ltroup2f@netscape.com", "website": "https://com.com/convallis/morbi/odio.json?odio=cubilia"}}, {"model": "bhealthapp.lab", "pk": 89, "fields": {"city": 89, "name": "Wiza-Mills", "password": "0e8KDZ", "address": "9 Novick Point", "phone_number": "438-229-6086", "email": "rminghi2g@ox.ac.uk", "website": "https://com.com/convallis/morbi/odio.json?odio=cubilia"}}, {"model": "bhealthapp.lab", "pk": 90, "fields": {"city": 90, "name": "Kuhic, Erdman and Stoltenberg", "password": "Rhjglgfrb", "address": "03 Del Sol Lane", "phone_number": "922-989-5450", "email": "rhawney2h@hud.gov", "website": "https://com.com/convallis/morbi/odio.json?odio=cubilia"}}, {"model": "bhealthapp.lab", "pk": 91, "fields": {"city": 91, "name": "Schuppe, Beier and Schaefer", "password": "lajc4Jk51", "address": "58 Blue Bill Park Junction", "phone_number": "519-986-8617", "email": "ajoppich2i@kickstarter.com", "website": "https://com.com/convallis/morbi/odio.json?odio=cubilia"}}, {"model": "bhealthapp.lab", "pk": 92, "fields": {"city": 92, "name": "Murray, Lubowitz and Hodkiewicz", "password": "qataocE", "address": "7 Thierer Pass", "phone_number": "412-549-1907", "email": "mdolan2j@chicagotribune.com", "website": "https://com.com/convallis/morbi/odio.json?odio=cubilia"}}, {"model": "bhealthapp.lab", "pk": 93, "fields": {"city": 93, "name": "Kuhic, Erdman and Torp", "password": "XjhTIrq9vYh", "address": "076 Jenifer Parkway", "phone_number": "402-835-8648", "email": "eglide2k@newyorker.com", "website": "https://com.com/convallis/morbi/odio.json?odio=cubilia"}}, {"model": "bhealthapp.lab", "pk": 94, "fields": {"city": 94, "name": "Gulgowski-Jerde", "password": "vd7hIDoP", "address": "2 New Castle Drive", "phone_number": "648-959-9721", "email": "mhaistwell2l@wix.com", "website": "https://com.com/convallis/morbi/odio.json?odio=cubilia"}}, {"model": "bhealthapp.lab", "pk": 95, "fields": {"city": 95, "name": "Daniel-Littel", "password": "LqaXNp", "address": "9811 Delladonna Hill", "phone_number": "635-968-4762", "email": "mottee2m@utexas.edu", "website": "https://com.com/convallis/morbi/odio.json?odio=cubilia"}}, {"model": "bhealthapp.lab", "pk": 96, "fields": {"city": 96, "name": "Deckow and Sons", "password": "Na60liYojh8U", "address": "2215 Grasskamp Hill", "phone_number": "573-133-7593", "email": "dstanyard2n@ucsd.edu", "website": "https://com.com/convallis/morbi/odio.json?odio=cubilia"}}, {"model": "bhealthapp.lab", "pk": 97, "fields": {"city": 97, "name": "Zboncak-Nikolaus", "password": "n6rDf16FXF", "address": "57172 Hansons Junction", "phone_number": "142-263-4999", "email": "nkamen2o@globo.com", "website": "https://com.com/convallis/morbi/odio.json?odio=cubilia"}}, {"model": "bhealthapp.lab", "pk": 98, "fields": {"city": 98, "name": "Rosenbaum, Schaden and Rutherford", "password": "dUFmw4q", "address": "17173 Thierer Hill", "phone_number": "176-231-1087", "email": "fcorkan2p@stanford.edu", "website": "https://com.com/convallis/morbi/odio.json?odio=cubilia"}}, {"model": "bhealthapp.lab", "pk": 99, "fields": {"city": 99, "name": "King and Sons", "password": "gzTpwtpDZr", "address": "06 Reindahl Pass", "phone_number": "624-820-2538", "email": "rottewill2q@bbc.co.uk", "website": "https://com.com/convallis/morbi/odio.json?odio=cubilia"}}, {"model": "bhealthapp.lab", "pk": 100, "fields": {"city": 100, "name": "Wuckert and Sons", "password": "JMD8xV", "address": "744 Hoepker Hill", "phone_number": "616-908-8929", "email": "hchristal2r@4shared.com", "website": "https://com.com/convallis/morbi/odio.json?odio=cubilia"}}, {"model": "bhealthapp.lab", "pk": 101, "fields": {"city": 101, "name": "MojLab", "password": "password", "address": "address", "phone_number": "240-227-0509", "email": "admin@gmail.com", "website": "website"}}, {"model": "bhealthapp.userrating", "pk": 1, "fields": {"user": 1, "lab": 1, "rating": 1}}, {"model": "bhealthapp.type", "pk": 1, "fields": {"name": "Graphis afzelii Ach.", "description": "Benign neoplasm of lacrimal duct"}}, {"model": "bhealthapp.type", "pk": 2, "fields": {"name": "Vaccinium bracteatum Thunb.", "description": "Other malignant lymphomas, intrapelvic lymph nodes"}}, {"model": "bhealthapp.type", "pk": 3, "fields": {"name": "Oplismenus hirtellus (L.) P. Beauv. ssp. hirtellus", "description": "Intestinal infection due to other organisms"}}, {"model": "bhealthapp.type", "pk": 4, "fields": {"name": "Dichanthelium laxiflorum (Lam.) Gould", "description": "Open fracture of mandible, body, other and unspecified"}}, {"model": "bhealthapp.type", "pk": 5, "fields": {"name": "Pseudelephantopus spicatus (Juss. ex Aubl.) C.F. Baker", "description": "Subendocardial infarction, initial episode of care"}}, {"model": "bhealthapp.type", "pk": 6, "fields": {"name": "Gilia stewartii I.M. Johnst.", "description": "Unspecified suspected fetal abnormality, affecting management of mother, delivered, with or without mention of antepartum condition"}}, {"model": "bhealthapp.type", "pk": 7, "fields": {"name": "Melanthera nivea (L.) Small", "description": "Letterer-siwe disease, lymph nodes of multiple sites"}}, {"model": "bhealthapp.type", "pk": 8, "fields": {"name": "Chamaesyce missurica (Raf.) Shinners", "description": "Polyarteritis nodosa"}}, {"model": "bhealthapp.type", "pk": 9, "fields": {"name": "Asclepias incarnata L.", "description": "Molluscum contagiosum"}}, {"model": "bhealthapp.type", "pk": 10, "fields": {"name": "Alysicarpus rugosus (Willd.) DC.", "description": "Chronic fibrous thyroiditis"}}, {"model": "bhealthapp.type", "pk": 11, "fields": {"name": "Clidemia hirta (L.) D. Don var. hirta", "description": "Hydrocele, unspecified"}}, {"model": "bhealthapp.type", "pk": 12, "fields": {"name": "Sarracenia rubra Walter ssp. wherryi D.E. Schnell", "description": "Other and unspecified superficial injury of elbow, forearm, and wrist, without mention of infection"}}, {"model": "bhealthapp.type", "pk": 13, "fields": {"name": "Erythrina fusca Lour.", "description": "Activities involving personal bathing and showering"}}, {"model": "bhealthapp.type", "pk": 14, "fields": {"name": "Napaea L.", "description": "Velo-cardio-facial syndrome"}}, {"model": "bhealthapp.type", "pk": 15, "fields": {"name": "Eutrema R. Br.", "description": "Crushing injury of unspecified site of upper limb"}}, {"model": "bhealthapp.type", "pk": 16, "fields": {"name": "Urera kaalae Wawra", "description": "Simple type schizophrenia, subchronic"}}, {"model": "bhealthapp.type", "pk": 17, "fields": {"name": "Wasabia japonica (Miq.) Matsum.", "description": "Chickenpox with unspecified complication"}}, {"model": "bhealthapp.type", "pk": 18, "fields": {"name": "Ptychomitrium Fürnr.", "description": "Arthropathy associated with gastrointestinal conditions other than infections"}}, {"model": "bhealthapp.type", "pk": 19, "fields": {"name": "Lithachne P. Beauv.", "description": "Acute myocardial infarction of other lateral wall, episode of care unspecified"}}, {"model": "bhealthapp.type", "pk": 20, "fields": {"name": "Cochleanthes Raf.", "description": "Burn [any degree] involving less than 10 percent of body surface with third degree burn, less than 10 percent or unspecified"}}, {"model": "bhealthapp.type", "pk": 21, "fields": {"name": "Yabea microcarpa (Hook. & Arn.) Koso-Pol.", "description": "Abnormal sputum"}}, {"model": "bhealthapp.type", "pk": 22, "fields": {"name": "Pyramidula tetragona (Brid.) Brid.", "description": "Personal history of malignant neoplasm of respiratory organ, unspecified"}}, {"model": "bhealthapp.type", "pk": 23, "fields": {"name": "Potentilla crinita A. Gray var. lemmonii (S. Watson) Kearney & Peebles", "description": "Light-for-dates without mention of fetal malnutrition, 750-999 grams"}}, {"model": "bhealthapp.type", "pk": 24, "fields": {"name": "Dahlia Cav.", "description": "Accidental poisoning by carbamates"}}, {"model": "bhealthapp.type", "pk": 25, "fields": {"name": "Stachys chamissonis Benth.", "description": "Other and unspecified disc disorder, thoracic region"}}, {"model": "bhealthapp.type", "pk": 26, "fields": {"name": "Oreoxis Raf.", "description": "Severe birth asphyxia"}}, {"model": "bhealthapp.type", "pk": 27, "fields": {"name": "Selaginella densa Rydb.", "description": "Open fracture of shaft of tibia alone"}}, {"model": "bhealthapp.type", "pk": 28, "fields": {"name": "Ceratostigma Bunge", "description": "Closed fracture of vault of skull with other and unspecified intracranial hemorrhage, unspecified state of consciousness"}}, {"model": "bhealthapp.type", "pk": 29, "fields": {"name": "Pelargonium peltatum (L.) L'Hér. ex Aiton", "description": "Primary spontaneous pneumothorax"}}, {"model": "bhealthapp.type", "pk": 30, "fields": {"name": "Melicope orbicularis (Hillebr.) T.G. Hartley & B.C. Stone", "description": "Other specified indications for care or intervention related to labor and delivery, delivered, with or without mention of antepartum condition"}}, {"model": "bhealthapp.type", "pk": 31, "fields": {"name": "Saxifraga foliolosa R. Br.", "description": "Other anomalies of spine"}}, {"model": "bhealthapp.type", "pk": 32, "fields": {"name": "Usnea alpina Mot.", "description": "Neoplasm of uncertain behavior of pituitary gland and craniopharyngeal duct"}}, {"model": "bhealthapp.type", "pk": 33, "fields": {"name": "Lupinus excubitus M.E. Jones var. johnstonii C.P. Sm.", "description": "Sprain of metatarsophalangeal (joint) of foot"}}, {"model": "bhealthapp.type", "pk": 34, "fields": {"name": "Lecidea homosema Nyl.", "description": "Activities involving water aerobics and water exercise"}}, {"model": "bhealthapp.type", "pk": 35, "fields": {"name": "Oxyria Hill", "description": "Fetal malnutrition without mention of light-for-dates, 750-999 grams"}}, {"model": "bhealthapp.type", "pk": 36, "fields": {"name": "Purshia pinkavae Schaack", "description": "Old laceration of muscles of pelvic floor"}}, {"model": "bhealthapp.type", "pk": 37, "fields": {"name": "Centaurea nigra L.", "description": "Chronic or unspecified duodenal ulcer with hemorrhage, with obstruction"}}, {"model": "bhealthapp.type", "pk": 38, "fields": {"name": "Terminalia superba Engl. & Diels", "description": "Hemivertebra"}}, {"model": "bhealthapp.type", "pk": 39, "fields": {"name": "Mirabilis pudica Barneby var. pubescens Kartesz & Gandhi", "description": "Deep necrosis of underlying tissues [deep third degree] without mention of loss of a body part, face and head, unspecified site"}}, {"model": "bhealthapp.type", "pk": 40, "fields": {"name": "Pycnanthemum muticum (Michx.) Pers.", "description": "Open fractures involving skull or face with other bones, with intracranial injury of other and unspecified nature, with no loss of consciousness"}}, {"model": "bhealthapp.type", "pk": 41, "fields": {"name": "Deschampsia flexuosa (L.) Trin. var. flexuosa", "description": "Tuberculosis of epididymis, bacteriological or histological examination not done"}}, {"model": "bhealthapp.type", "pk": 42, "fields": {"name": "Michelia champaca L.", "description": "Contact dermatitis and other eczema due to oils and greases"}}, {"model": "bhealthapp.type", "pk": 43, "fields": {"name": "Zeuxine Lindl.", "description": "Injury by scald, undetermined whether accidentally or purposely inflicted"}}, {"model": "bhealthapp.type", "pk": 44, "fields": {"name": "Coccoloba rugosa Desf.", "description": "Other open skull fracture with other and unspecified intracranial hemorrhage, with no loss of consciousness"}}, {"model": "bhealthapp.type", "pk": 45, "fields": {"name": "Cucurbita palmata S. Watson", "description": "Burn of unspecified degree of foot"}}, {"model": "bhealthapp.type", "pk": 46, "fields": {"name": "Sporobolus vaginiflorus (Torr. ex A. Gray) Alph. Wood", "description": "Other specified complications of pregnancy, antepartum condition or complication"}}, {"model": "bhealthapp.type", "pk": 47, "fields": {"name": "Argythamnia brandegeei Millsp. var. intonsa (I.M. Johnst.) J.W. Ingram ex L.C. Wheeler", "description": "Nontraffic accident involving other off-road motor vehicle injuring passenger on motorcycle"}}, {"model": "bhealthapp.type", "pk": 48, "fields": {"name": "Solanum hyporhodium A. Braun & Bouche", "description": "Contaminated drug or biological substance administered by other means"}}, {"model": "bhealthapp.type", "pk": 49, "fields": {"name": "Amoreuxia wrightii A. Gray", "description": "Semicircular canal fistula"}}, {"model": "bhealthapp.type", "pk": 50, "fields": {"name": "Desmanthus leptolobus Torr. & A. Gray", "description": "Paranoid type schizophrenia, subchronic with acute exacerbation"}}, {"model": "bhealthapp.type", "pk": 51, "fields": {"name": "Potentilla hookeriana Lehm.", "description": "Latent schizophrenia, subchronic with acute exacerbation"}}, {"model": "bhealthapp.type", "pk": 52, "fields": {"name": "Setaria villosissima (Scribn. & Merr.) K. Schum.", "description": "Allergic rhinitis due to pollen"}}, {"model": "bhealthapp.type", "pk": 53, "fields": {"name": "Boykinia rotundifolia Parry", "description": "Accidental poisoning by other metals and their compounds and fumes"}}, {"model": "bhealthapp.type", "pk": 54, "fields": {"name": "Hevea Aubl.", "description": "Intracranial injury of other and unspecified nature without mention of open intracranial wound, with brief [less than one hour] loss of consciousness"}}, {"model": "bhealthapp.type", "pk": 55, "fields": {"name": "Arnica latifolia Bong.", "description": "Cleft palate, bilateral, complete"}}, {"model": "bhealthapp.type", "pk": 56, "fields": {"name": "Asclepias speciosa Torr.", "description": "T1-T6 level with other specified spinal cord injury"}}, {"model": "bhealthapp.type", "pk": 57, "fields": {"name": "Acacia tetragonophylla F. Muell.", "description": "Contracture of joint, shoulder region"}}, {"model": "bhealthapp.type", "pk": 58, "fields": {"name": "Melochia tomentosa L.", "description": "Recurrent pregnancy loss without current pregnancy"}}, {"model": "bhealthapp.type", "pk": 59, "fields": {"name": "Psilopilum Brid.", "description": "Malignant neoplasm of vulva, unspecified site"}}, {"model": "bhealthapp.type", "pk": 60, "fields": {"name": "Saltugilia caruifolia (Abrams) L.A. Johnson", "description": "Malignant neoplasm of other sites within the respiratory system and intrathoracic organs"}}, {"model": "bhealthapp.type", "pk": 61, "fields": {"name": "Opuntia fragilis (Nutt.) Haw.", "description": "Accident to powered aircraft, other and unspecified, injuring occupant of unpowered aircraft, except parachutist"}}, {"model": "bhealthapp.type", "pk": 62, "fields": {"name": "Trifolium campestre Schreb.", "description": "Sclerema neonatorum"}}, {"model": "bhealthapp.type", "pk": 63, "fields": {"name": "Monardella eplingii Elvin, A.C. Sanders, & J.L. Anderson", "description": "Hypertensive heart and chronic kidney disease, unspecified, with heart failure and chronic kidney disease stage V or end stage renal disease"}}, {"model": "bhealthapp.type", "pk": 64, "fields": {"name": "Lecanora pacifica Tuck.", "description": "Accidental poisoning by unspecified drug"}}, {"model": "bhealthapp.type", "pk": 65, "fields": {"name": "Cylindropuntia prolifera (Engelm.) F.M. Knuth", "description": "Subarachnoid hemorrhage following injury with open intracranial wound, with prolonged [more than 24 hours] loss of consciousness without return to pre-existing conscious level"}}, {"model": "bhealthapp.type", "pk": 66, "fields": {"name": "Pyrenocollema prospersellum (Nyl.) R.C. Harris", "description": "Lesion of lateral popliteal nerve"}}, {"model": "bhealthapp.type", "pk": 67, "fields": {"name": "Acacia silvestris Tindale", "description": "Extreme immaturity, 750-999 grams"}}, {"model": "bhealthapp.type", "pk": 68, "fields": {"name": "Consolida orientalis (J. Gay) Schroedinger", "description": "Late effect of superficial injury"}}, {"model": "bhealthapp.type", "pk": 69, "fields": {"name": "Salix pulchra Cham.", "description": "Generalized visual field contraction or constriction"}}, {"model": "bhealthapp.type", "pk": 70, "fields": {"name": "Canarium schweinfurthii Engl.", "description": "Mitral and aortic valve diseases, unspecified"}}, {"model": "bhealthapp.type", "pk": 71, "fields": {"name": "Quercus robusta C.H. Mull.", "description": "Spasmodic torticollis"}}, {"model": "bhealthapp.type", "pk": 72, "fields": {"name": "Scouleria aquatica Hook.", "description": "Visceral herpes simplex"}}, {"model": "bhealthapp.type", "pk": 73, "fields": {"name": "Arthraxon P. Beauv.", "description": "Infection and inflammatory reaction due to other internal prosthetic device, implant, and graft"}}, {"model": "bhealthapp.type", "pk": 74, "fields": {"name": "Thinopyrum intermedium (Host) Barkworth & D.R. Dewey", "description": "Premature rupture of membranes, delivered, with or without mention of antepartum condition"}}, {"model": "bhealthapp.type", "pk": 75, "fields": {"name": "Strangospora microhaema (Norman) R. Anderson", "description": "Other sprain of foot"}}, {"model": "bhealthapp.type", "pk": 76, "fields": {"name": "Hypericum kalmianum L.", "description": "Cerebral degeneration in diseases classified elsewhere"}}, {"model": "bhealthapp.type", "pk": 77, "fields": {"name": "Sphaeralcea fendleri A. Gray ssp. elongata Kearney", "description": "Other injury of other sites of trunk"}}, {"model": "bhealthapp.type", "pk": 78, "fields": {"name": "Allionia choisyi Standl.", "description": "Other specified diseases of pulmonary circulation"}}, {"model": "bhealthapp.type", "pk": 79, "fields": {"name": "Prosopis cineraria (L.) Druce", "description": "Other blood donors"}}, {"model": "bhealthapp.type", "pk": 80, "fields": {"name": "Cardamine flagellifera O.E. Schulz var. flagellifera", "description": "Open fracture of scapula, other"}}, {"model": "bhealthapp.type", "pk": 81, "fields": {"name": "Agave americana L. ssp. protamericana Gentry", "description": "Underweight"}}, {"model": "bhealthapp.type", "pk": 82, "fields": {"name": "Bromus pacificus Shear", "description": "Insect bite, nonvenomous, of other, multiple, and unspecified sites, infected"}}, {"model": "bhealthapp.type", "pk": 83, "fields": {"name": "Clematis drummondii Torr. & A. Gray", "description": "Encounter for change or removal of nonsurgical wound dressing"}}, {"model": "bhealthapp.type", "pk": 84, "fields": {"name": "Oenothera fruticosa L. ssp. tetragona (Roth) W.L. Wagner", "description": "Prinzmetal angina"}}, {"model": "bhealthapp.type", "pk": 85, "fields": {"name": "Paulia Fée", "description": "Acute conjunctivitis, unspecified"}}, {"model": "bhealthapp.type", "pk": 86, "fields": {"name": "Carex aquatilis Wahlenb. var. aquatilis", "description": "Postoperative air leak"}}, {"model": "bhealthapp.type", "pk": 87, "fields": {"name": "Sideroxylon cubense (Griseb.) T.D. Penn.", "description": "Other symptoms referable to joint, upper arm"}}, {"model": "bhealthapp.type", "pk": 88, "fields": {"name": "Allium howellii Eastw. var. sanbenitense (Traub) Ownbey & Aase", "description": "Unspecified infective arthritis, lower leg"}}, {"model": "bhealthapp.type", "pk": 89, "fields": {"name": "Allium tuberosum Rottler ex Spreng.", "description": "Iatrogenic cerebrovascular infarction or hemorrhage"}}, {"model": "bhealthapp.type", "pk": 90, "fields": {"name": "Cistus incanus L. ssp. corsicus (Loisel.) Heywood", "description": "Other accident resulting from conflagration in private dwelling"}}, {"model": "bhealthapp.type", "pk": 91, "fields": {"name": "Macroptilium lathyroides (L.) Urb. var. semierectum (L.) Urb.", "description": "Other arterial embolism and thrombosis of abdominal aorta"}}, {"model": "bhealthapp.type", "pk": 92, "fields": {"name": "Arenaria congesta Nutt. var. glandulifera Maguire", "description": "Acute cor pulmonale"}}, {"model": "bhealthapp.type", "pk": 93, "fields": {"name": "Lachnanthes Elliott", "description": "Motor vehicle traffic accident due to loss of control, without collision on the highway, injuring passenger on motorcycle"}}, {"model": "bhealthapp.type", "pk": 94, "fields": {"name": "Helenium amarum (Raf.) H. Rock var. amarum", "description": "Other open skull fracture with cerebral laceration and contusion, unspecified state of consciousness"}}, {"model": "bhealthapp.type", "pk": 95, "fields": {"name": "Pyrostegia venusta (Ker Gawl.) Miers", "description": "Open dislocation of midtarsal (joint)"}}, {"model": "bhealthapp.type", "pk": 96, "fields": {"name": "Baccharis thesioides Kunth", "description": "Concussion, with loss of consciousness from 31 to 59 minutes"}}, {"model": "bhealthapp.type", "pk": 97, "fields": {"name": "Scaevola mollis Hook. & Arn.", "description": "Presence of other contraceptive device"}}, {"model": "bhealthapp.type", "pk": 98, "fields": {"name": "Mantisalca salmantica (L.) Briq. & Cavillier", "description": "Accidental poisoning by mixed sedatives, not elsewhere classified"}}, {"model": "bhealthapp.type", "pk": 99, "fields": {"name": "Silene uniflora Roth", "description": "Unspecified fetal and placental problem, affecting management of mother, unspecified as to episode of care or not applicable"}}, {"model": "bhealthapp.type", "pk": 100, "fields": {"name": "Stylocline psilocarphoides M. Peck", "description": "Salmonella meningitis"}}, {"model": "bhealthapp.type", "pk": 101, "fields": {"name": "name", "description": "description"}}, {"model": "bhealthapp.service", "pk": 167, "fields": {"name": "OCTINOXATE, TITANIUM DIOXIDE", "duration": "00:00:30", "type": 7}}, {"model": "bhealthapp.service", "pk": 178, "fields": {"name": "potassium chloride", "duration": "00:00:30", "type": 3}}, {"model": "bhealthapp.service", "pk": 182, "fields": {"name": "Verapamil Hydrochloride", "duration": "00:00:30", "type": 6}}, {"model": "bhealthapp.service", "pk": 183, "fields": {"name": "Baptisia, Bryonia, Borax, Candida A, Calendula, Hydrastis, Kali Chloricum, Mercurius Sol, Nat Mur, Nux Moschata, Nux Vomica, Phosphorus, Saccharum Album, Sulphuricum Acidum, Staphysagria,", "duration": "00:00:30", "type": 5}}, {"model": "bhealthapp.service", "pk": 192, "fields": {"name": "Propafenone Hydrochloride", "duration": "00:00:30", "type": 9}}, {"model": "bhealthapp.service", "pk": 194, "fields": {"name": "DIMETHICONE, ZINC OXIDE, OCTINOXATE", "duration": "00:00:30", "type": 3}}, {"model": "bhealthapp.service", "pk": 201, "fields": {"name": "Arsenicum album, Hepar sulphuris calcareum, Hydrastis canadensis, Kali bichromicum, Lycopodium clavatum, Mercurius solubilis, Natrum muriaticum", "duration": "00:00:30", "type": 3}}, {"model": "bhealthapp.service", "pk": 215, "fields": {"name": "Detoxifying", "duration": "00:00:30", "type": 11}}, {"model": "bhealthapp.service", "pk": 216, "fields": {"name": "Meclizine HCl", "duration": "00:00:30", "type": 7}}, {"model": "bhealthapp.service", "pk": 218, "fields": {"name": "dextromethorphan polistirex", "duration": "00:00:30", "type": 5}}, {"model": "bhealthapp.service", "pk": 233, "fields": {"name": "Meloxicam", "duration": "00:00:30", "type": 5}}, {"model": "bhealthapp.service", "pk": 247, "fields": {"name": "Haloperidol", "duration": "00:00:30", "type": 10}}, {"model": "bhealthapp.service", "pk": 257, "fields": {"name": "phentermine hydrochloride", "duration": "00:00:30", "type": 3}}, {"model": "bhealthapp.service", "pk": 261, "fields": {"name": "perphenazine and amitriptyline hydrochloride", "duration": "00:00:30", "type": 5}}, {"model": "bhealthapp.service", "pk": 264, "fields": {"name": "Colloidal Oatmeal", "duration": "00:00:30", "type": 10}}, {"model": "bhealthapp.service", "pk": 265, "fields": {"name": "Titanium Dioxide", "duration": "00:00:30", "type": 11}}, {"model": "bhealthapp.service", "pk": 275, "fields": {"name": "MAGNESIUM PHOSPHATE, DIBASIC TRIHYDRATE", "duration": "00:00:30", "type": 9}}, {"model": "bhealthapp.service", "pk": 277, "fields": {"name": "Cetirizine HCl", "duration": "00:00:30", "type": 12}}, {"model": "bhealthapp.service", "pk": 288, "fields": {"name": "Metoprolol Tartrate", "duration": "00:00:30", "type": 11}}, {"model": "bhealthapp.service", "pk": 295, "fields": {"name": "Candida albicans Skin Test Antigen", "duration": "00:00:30", "type": 3}}, {"model": "bhealthapp.service", "pk": 296, "fields": {"name": "Blattella germanica", "duration": "00:00:30", "type": 11}}, {"model": "bhealthapp.service", "pk": 297, "fields": {"name": "Hydrochlorothiazide", "duration": "00:00:30", "type": 12}}, {"model": "bhealthapp.service", "pk": 322, "fields": {"name": "acyclovir", "duration": "00:00:30", "type": 11}}, {"model": "bhealthapp.service", "pk": 323, "fields": {"name": "furosemide", "duration": "00:00:30", "type": 6}}, {"model": "bhealthapp.service", "pk": 330, "fields": {"name": "ARNICA MONTANA ROOT, TOXICODENDRON PUBESCENS LEAF, SOLANUM DULCAMARA TOP, COMFREY ROOT, SULFUR, SANGUINARIA CANADENSIS ROOT, SUS SCROFA CARTILAGE, SUS SCROFA EMBRYO, SUS SCROFA UMBILICAL CORD, SUS SCROFA PLACENTA, .ALPHA.-LIPOIC ACID, COENZYME A, NADIDE and SODIUM DIETHYL OXALACETATE", "duration": "00:00:30", "type": 4}}, {"model": "bhealthapp.service", "pk": 335, "fields": {"name": "Molds - Trichophyton Mix", "duration": "00:00:30", "type": 11}}, {"model": "bhealthapp.service", "pk": 346, "fields": {"name": "Fluoride Ions", "duration": "00:00:30", "type": 10}}, {"model": "bhealthapp.service", "pk": 357, "fields": {"name": "Hydroxyzine Hydrochloride", "duration": "00:00:30", "type": 3}}, {"model": "bhealthapp.service", "pk": 358, "fields": {"name": "Zafirlukast", "duration": "00:00:30", "type": 7}}, {"model": "bhealthapp.service", "pk": 362, "fields": {"name": "Sodium Chloride", "duration": "00:00:30", "type": 4}}, {"model": "bhealthapp.service", "pk": 367, "fields": {"name": "Bufo rana, Apis mel., Asterias rubens, Belladonna, Bryonia, Calc. carb., Chamomilla, Chimaphila umbellata, Cinchona, Conium, Croton, Echinacea, Graphites, Helonias dioica, Lachesis, Merc. viv., Phellandrium aquaticum Phosphorus, Phytolacca, Pulsatilla, Sanguinaria, Silicea, Hamamelis, Ruta, Taraxacum", "duration": "00:00:30", "type": 3}}, {"model": "bhealthapp.service", "pk": 395, "fields": {"name": "Naproxen Sodium", "duration": "00:00:30", "type": 12}}, {"model": "bhealthapp.service", "pk": 402, "fields": {"name": "Ciprofloxacin", "duration": "00:00:30", "type": 7}}, {"model": "bhealthapp.service", "pk": 421, "fields": {"name": "Tolnaftate 1%", "duration": "00:00:30", "type": 2}}, {"model": "bhealthapp.service", "pk": 448, "fields": {"name": "Acetaminophen", "duration": "00:00:30", "type": 3}}, {"model": "bhealthapp.service", "pk": 449, "fields": {"name": "Olive Olea europaea", "duration": "00:00:30", "type": 4}}, {"model": "bhealthapp.service", "pk": 477, "fields": {"name": "Potassium Chloride, Dextrose Monohydrate and Sodium Chloride", "duration": "00:00:30", "type": 7}}, {"model": "bhealthapp.service", "pk": 494, "fields": {"name": "Cefdinir", "duration": "00:00:30", "type": 9}}, {"model": "bhealthapp.service", "pk": 495, "fields": {"name": "Losartan Potassium and Hydrochlorothiazide", "duration": "00:00:30", "type": 6}}, {"model": "bhealthapp.service", "pk": 505, "fields": {"name": "Hydralazine Hydrochloride", "duration": "00:00:30", "type": 11}}, {"model": "bhealthapp.service", "pk": 509, "fields": {"name": "TRICLOSAN", "duration": "00:00:30", "type": 13}}, {"model": "bhealthapp.service", "pk": 512, "fields": {"name": "Hydrocodone Bitartrate And Acetaminophen", "duration": "00:00:30", "type": 7}}, {"model": "bhealthapp.service", "pk": 524, "fields": {"name": "Titanium Dioxide", "duration": "00:00:30", "type": 1}}, {"model": "bhealthapp.service", "pk": 525, "fields": {"name": "Insomnia 2", "duration": "00:00:30", "type": 12}}, {"model": "bhealthapp.service", "pk": 528, "fields": {"name": "Acetaminophen, Dextromethorphan Hydrobromide, Doxylamine Succinate", "duration": "00:00:30", "type": 13}}, {"model": "bhealthapp.service", "pk": 529, "fields": {"name": "ADENOSINE", "duration": "00:00:30", "type": 4}}, {"model": "bhealthapp.service", "pk": 530, "fields": {"name": "Probenecid", "duration": "00:00:30", "type": 6}}, {"model": "bhealthapp.service", "pk": 532, "fields": {"name": "NITROUS OXIDE", "duration": "00:00:30", "type": 4}}, {"model": "bhealthapp.service", "pk": 533, "fields": {"name": "Air", "duration": "00:00:30", "type": 11}}, {"model": "bhealthapp.service", "pk": 544, "fields": {"name": "Aconitum nap., Ambra, Anacardium orientale, Arg.nit., Asafoetida, Bryonia, Chamomilla, Cimicifuga, Coffea cruda, Cypripedium, Gelsemium, Hyoscyamus, Hypericum, Ignatia, Kali phos., Nux vom., Sambucus nig., Strychninum, Theridion, Valeriana, Passiflora", "duration": "00:00:30", "type": 10}}, {"model": "bhealthapp.service", "pk": 554, "fields": {"name": "Secale Nicotiana", "duration": "00:00:30", "type": 12}}, {"model": "bhealthapp.service", "pk": 572, "fields": {"name": "METRONIDAZOLE", "duration": "00:00:30", "type": 9}}, {"model": "bhealthapp.service", "pk": 608, "fields": {"name": "ciprofloxacin hydrochloride", "duration": "00:00:30", "type": 6}}, {"model": "bhealthapp.service", "pk": 632, "fields": {"name": "Diltiazem Hydrochloride", "duration": "00:00:30", "type": 12}}, {"model": "bhealthapp.service", "pk": 642, "fields": {"name": "SODIUM FLUORIDE", "duration": "00:00:30", "type": 4}}, {"model": "bhealthapp.service", "pk": 646, "fields": {"name": "Glimepiride", "duration": "00:00:30", "type": 12}}, {"model": "bhealthapp.service", "pk": 677, "fields": {"name": "Folic Acid", "duration": "00:00:30", "type": 5}}, {"model": "bhealthapp.service", "pk": 689, "fields": {"name": "MORPHINE SULFATE", "duration": "00:00:30", "type": 10}}, {"model": "bhealthapp.service", "pk": 691, "fields": {"name": "Finasteride", "duration": "00:00:30", "type": 3}}, {"model": "bhealthapp.service", "pk": 703, "fields": {"name": "Betamethasone Dipropionate", "duration": "00:00:30", "type": 3}}, {"model": "bhealthapp.service", "pk": 722, "fields": {"name": "Condurango, Echinacea (Angustifolia), Ginkgo biloba, Hydrastis canadensis, Myrrha, OSHA, Phytolacca decandra, Tabebuia impetiginosa, Propolis,", "duration": "00:00:30", "type": 1}}, {"model": "bhealthapp.service", "pk": 740, "fields": {"name": "morphine sulfate", "duration": "00:00:30", "type": 9}}, {"model": "bhealthapp.service", "pk": 749, "fields": {"name": "Undecylenic acid", "duration": "00:00:30", "type": 11}}, {"model": "bhealthapp.service", "pk": 750, "fields": {"name": "ziprasidone hydrochloride", "duration": "00:00:30", "type": 13}}, {"model": "bhealthapp.service", "pk": 758, "fields": {"name": "Egg White", "duration": "00:00:30", "type": 3}}, {"model": "bhealthapp.service", "pk": 759, "fields": {"name": "Sulfasalazine", "duration": "00:00:30", "type": 11}}, {"model": "bhealthapp.service", "pk": 761, "fields": {"name": "Avobenzone, Homosalate, Octisalate, Octocrylene, and Oxybenzone", "duration": "00:00:30", "type": 6}}, {"model": "bhealthapp.service", "pk": 808, "fields": {"name": "Horse Hair", "duration": "00:00:30", "type": 13}}, {"model": "bhealthapp.service", "pk": 839, "fields": {"name": "Ranitidine", "duration": "00:00:30", "type": 4}}, {"model": "bhealthapp.service", "pk": 857, "fields": {"name": "Bismuth Subsalicylate", "duration": "00:00:30", "type": 12}}, {"model": "bhealthapp.service", "pk": 863, "fields": {"name": "Quetiapine Fumarate", "duration": "00:00:30", "type": 5}}, {"model": "bhealthapp.service", "pk": 889, "fields": {"name": "Dextromethorphan HBr, Guaifenesin and Pseudoephedrine HCl", "duration": "00:00:30", "type": 9}}, {"model": "bhealthapp.service", "pk": 914, "fields": {"name": "triamcinolone acetonide", "duration": "00:00:30", "type": 12}}, {"model": "bhealthapp.service", "pk": 920, "fields": {"name": "Witch Hazel", "duration": "00:00:30", "type": 1}}, {"model": "bhealthapp.service", "pk": 921, "fields": {"name": "Hydrogen Peroxide", "duration": "00:00:30", "type": 9}}, {"model": "bhealthapp.service", "pk": 939, "fields": {"name": "Nafcillin", "duration": "00:00:30", "type": 1}}, {"model": "bhealthapp.service", "pk": 944, "fields": {"name": "Avobenzone, Octocrylene and Oxybenzone", "duration": "00:00:30", "type": 9}}, {"model": "bhealthapp.service", "pk": 947, "fields": {"name": "Irbesartan and Hydrochlorothiazide", "duration": "00:00:30", "type": 13}}, {"model": "bhealthapp.service", "pk": 959, "fields": {"name": "EUCALYPTOL, MENTHOL, METHYL SALICYLATE, THYMOL", "duration": "00:00:30", "type": 7}}, {"model": "bhealthapp.service", "pk": 969, "fields": {"name": "triclosan", "duration": "00:00:30", "type": 4}}, {"model": "bhealthapp.service", "pk": 970, "fields": {"name": "Oxymorphone Hydrochloride", "duration": "00:00:30", "type": 7}}, {"model": "bhealthapp.service", "pk": 974, "fields": {"name": "Pussy Willow", "duration": "00:00:30", "type": 6}}, {"model": "bhealthapp.service", "pk": 980, "fields": {"name": "CAPSAICIN", "duration": "00:00:30", "type": 11}}, {"model": "bhealthapp.service", "pk": 983, "fields": {"name": "Ethylhexyl Methoxycinnamate, Zinc Oxide", "duration": "00:00:30", "type": 10}}, {"model": "bhealthapp.service", "pk": 986, "fields": {"name": "doxazosin mesylate", "duration": "00:00:30", "type": 2}}, {"model": "bhealthapp.service", "pk": 991, "fields": {"name": "Aluminum Chlorohydrate", "duration": "00:00:30", "type": 3}}, {"model": "bhealthapp.service", "pk": 995, "fields": {"name": "minocycline hydrochloride", "duration": "00:00:30", "type": 4}}, {"model": "bhealthapp.service", "pk": 996, "fields": {"name": "Miconazole Nitrate", "duration": "00:00:30", "type": 11}}, {"model": "bhealthapp.service", "pk": 2118, "fields": {"name": "Hydrocortisone", "duration": "00:00:30", "type": 4}}, {"model": "bhealthapp.service", "pk": 7039, "fields": {"name": "Vitamin A, Ascorbic Acid, Vitamin D, .Alpha.-Tocopherol, Thiamine Mononitrate, Riboflavin, Niacin, Pyridoxine Hydrochloride, Folic Acid, Cyanocobalamin, Calcium, Iron, Magnesium, Zinc, and Copper", "duration": "00:00:30", "type": 6}}, {"model": "bhealthapp.labservice", "pk": 1, "fields": {"lab_service": 1, "service": 178}}, {"model": "bhealthapp.labservice", "pk": 2, "fields": {"lab_service": 2, "service": 182}}, {"model": "bhealthapp.labservice", "pk": 3, "fields": {"lab_service": 3, "service": 183}}, {"model": "bhealthapp.labservice", "pk": 4, "fields": {"lab_service": 4, "service": 201}}, {"model": "bhealthapp.labservice", "pk": 5, "fields": {"lab_service": 5, "service": 215}}, {"model": "bhealthapp.labservice", "pk": 6, "fields": {"lab_service": 6, "service": 216}}, {"model": "bhealthapp.labservice", "pk": 7, "fields": {"lab_service": 7, "service": 218}}, {"model": "bhealthapp.labservice", "pk": 8, "fields": {"lab_service": 8, "service": 2118}}, {"model": "bhealthapp.labservice", "pk": 9, "fields": {"lab_service": 9, "service": 959}}, {"model": "bhealthapp.labservice", "pk": 10, "fields": {"lab_service": 10, "service": 969}}, {"model": "bhealthapp.labservice", "pk": 11, "fields": {"lab_service": 11, "service": 167}}, {"model": "bhealthapp.labservice", "pk": 12, "fields": {"lab_service": 12, "service": 178}}, {"model": "bhealthapp.labservice", "pk": 13, "fields": {"lab_service": 13, "service": 182}}, {"model": "bhealthapp.labservice", "pk": 14, "fields": {"lab_service": 14, "service": 183}}, {"model": "bhealthapp.labservice", "pk": 15, "fields": {"lab_service": 15, "service": 201}}, {"model": "bhealthapp.labservice", "pk": 16, "fields": {"lab_service": 16, "service": 215}}, {"model": "bhealthapp.labservice", "pk": 17, "fields": {"lab_service": 17, "service": 216}}, {"model": "bhealthapp.labservice", "pk": 18, "fields": {"lab_service": 18, "service": 218}}, {"model": "bhealthapp.labservice", "pk": 19, "fields": {"lab_service": 19, "service": 2118}}, {"model": "bhealthapp.labservice", "pk": 20, "fields": {"lab_service": 20, "service": 959}}, {"model": "bhealthapp.labservice", "pk": 21, "fields": {"lab_service": 21, "service": 969}}, {"model": "bhealthapp.labservice", "pk": 22, "fields": {"lab_service": 22, "service": 167}}, {"model": "bhealthapp.labservice", "pk": 23, "fields": {"lab_service": 23, "service": 178}}, {"model": "bhealthapp.labservice", "pk": 24, "fields": {"lab_service": 24, "service": 182}}, {"model": "bhealthapp.labservice", "pk": 25, "fields": {"lab_service": 25, "service": 183}}, {"model": "bhealthapp.labservice", "pk": 26, "fields": {"lab_service": 26, "service": 201}}, {"model": "bhealthapp.labservice", "pk": 27, "fields": {"lab_service": 27, "service": 215}}, {"model": "bhealthapp.labservice", "pk": 28, "fields": {"lab_service": 28, "service": 216}}, {"model": "bhealthapp.labservice", "pk": 29, "fields": {"lab_service": 29, "service": 218}}, {"model": "bhealthapp.labservice", "pk": 30, "fields": {"lab_service": 30, "service": 2118}}, {"model": "bhealthapp.labservice", "pk": 31, "fields": {"lab_service": 31, "service": 959}}, {"model": "bhealthapp.labservice", "pk": 32, "fields": {"lab_service": 32, "service": 969}}, {"model": "bhealthapp.labservice", "pk": 33, "fields": {"lab_service": 33, "service": 167}}, {"model": "bhealthapp.labservice", "pk": 34, "fields": {"lab_service": 34, "service": 178}}, {"model": "bhealthapp.labservice", "pk": 35, "fields": {"lab_service": 35, "service": 182}}, {"model": "bhealthapp.labservice", "pk": 36, "fields": {"lab_service": 36, "service": 183}}, {"model": "bhealthapp.labservice", "pk": 37, "fields": {"lab_service": 37, "service": 201}}, {"model": "bhealthapp.labservice", "pk": 38, "fields": {"lab_service": 38, "service": 215}}, {"model": "bhealthapp.labservice", "pk": 39, "fields": {"lab_service": 39, "service": 216}}, {"model": "bhealthapp.labservice", "pk": 40, "fields": {"lab_service": 40, "service": 218}}, {"model": "bhealthapp.labservice", "pk": 41, "fields": {"lab_service": 41, "service": 2118}}, {"model": "bhealthapp.labservice", "pk": 42, "fields": {"lab_service": 42, "service": 959}}, {"model": "bhealthapp.labservice", "pk": 43, "fields": {"lab_service": 43, "service": 969}}, {"model": "bhealthapp.labservice", "pk": 44, "fields": {"lab_service": 44, "service": 167}}, {"model": "bhealthapp.labservice", "pk": 45, "fields": {"lab_service": 45, "service": 178}}, {"model": "bhealthapp.labservice", "pk": 46, "fields": {"lab_service": 46, "service": 182}}, {"model": "bhealthapp.labservice", "pk": 47, "fields": {"lab_service": 47, "service": 183}}, {"model": "bhealthapp.labservice", "pk": 48, "fields": {"lab_service": 48, "service": 201}}, {"model": "bhealthapp.labservice", "pk": 49, "fields": {"lab_service": 49, "service": 215}}, {"model": "bhealthapp.labservice", "pk": 50, "fields": {"lab_service": 50, "service": 216}}, {"model": "bhealthapp.labservice", "pk": 51, "fields": {"lab_service": 51, "service": 218}}, {"model": "bhealthapp.labservice", "pk": 52, "fields": {"lab_service": 52, "service": 2118}}, {"model": "bhealthapp.labservice", "pk": 53, "fields": {"lab_service": 53, "service": 959}}, {"model": "bhealthapp.labservice", "pk": 54, "fields": {"lab_service": 54, "service": 969}}, {"model": "bhealthapp.labservice", "pk": 55, "fields": {"lab_service": 55, "service": 167}}, {"model": "bhealthapp.labservice", "pk": 56, "fields": {"lab_service": 56, "service": 178}}, {"model": "bhealthapp.labservice", "pk": 57, "fields": {"lab_service": 57, "service": 182}}, {"model": "bhealthapp.labservice", "pk": 58, "fields": {"lab_service": 58, "service": 183}}, {"model": "bhealthapp.labservice", "pk": 59, "fields": {"lab_service": 59, "service": 201}}, {"model": "bhealthapp.labservice", "pk": 60, "fields": {"lab_service": 60, "service": 215}}, {"model": "bhealthapp.labservice", "pk": 61, "fields": {"lab_service": 61, "service": 216}}, {"model": "bhealthapp.labservice", "pk": 62, "fields": {"lab_service": 62, "service": 218}}, {"model": "bhealthapp.labservice", "pk": 63, "fields": {"lab_service": 63, "service": 2118}}, {"model": "bhealthapp.labservice", "pk": 64, "fields": {"lab_service": 64, "service": 959}}, {"model": "bhealthapp.labservice", "pk": 65, "fields": {"lab_service": 65, "service": 969}}, {"model": "bhealthapp.labservice", "pk": 66, "fields": {"lab_service": 66, "service": 167}}, {"model": "bhealthapp.labservice", "pk": 67, "fields": {"lab_service": 67, "service": 178}}, {"model": "bhealthapp.labservice", "pk": 68, "fields": {"lab_service": 68, "service": 182}}, {"model": "bhealthapp.labservice", "pk": 69, "fields": {"lab_service": 69, "service": 183}}, {"model": "bhealthapp.labservice", "pk": 70, "fields": {"lab_service": 70, "service": 201}}, {"model": "bhealthapp.labservice", "pk": 71, "fields": {"lab_service": 71, "service": 215}}, {"model": "bhealthapp.labservice", "pk": 72, "fields": {"lab_service": 72, "service": 216}}, {"model": "bhealthapp.labservice", "pk": 73, "fields": {"lab_service": 73, "service": 218}}, {"model": "bhealthapp.labservice", "pk": 74, "fields": {"lab_service": 74, "service": 2118}}, {"model": "bhealthapp.labservice", "pk": 75, "fields": {"lab_service": 75, "service": 959}}, {"model": "bhealthapp.labservice", "pk": 76, "fields": {"lab_service": 76, "service": 969}}, {"model": "bhealthapp.labservice", "pk": 77, "fields": {"lab_service": 77, "service": 167}}, {"model": "bhealthapp.labservice", "pk": 78, "fields": {"lab_service": 78, "service": 178}}, {"model": "bhealthapp.labservice", "pk": 79, "fields": {"lab_service": 79, "service": 182}}, {"model": "bhealthapp.labservice", "pk": 80, "fields": {"lab_service": 80, "service": 183}}, {"model": "bhealthapp.labservice", "pk": 81, "fields": {"lab_service": 81, "service": 201}}, {"model": "bhealthapp.labservice", "pk": 82, "fields": {"lab_service": 82, "service": 215}}, {"model": "bhealthapp.labservice", "pk": 83, "fields": {"lab_service": 83, "service": 216}}, {"model": "bhealthapp.labservice", "pk": 84, "fields": {"lab_service": 84, "service": 218}}, {"model": "bhealthapp.labservice", "pk": 85, "fields": {"lab_service": 85, "service": 2118}}, {"model": "bhealthapp.labservice", "pk": 86, "fields": {"lab_service": 86, "service": 959}}, {"model": "bhealthapp.labservice", "pk": 87, "fields": {"lab_service": 87, "service": 969}}, {"model": "bhealthapp.labservice", "pk": 88, "fields": {"lab_service": 88, "service": 167}}, {"model": "bhealthapp.labservice", "pk": 89, "fields": {"lab_service": 89, "service": 178}}, {"model": "bhealthapp.labservice", "pk": 90, "fields": {"lab_service": 90, "service": 182}}, {"model": "bhealthapp.labservice", "pk": 91, "fields": {"lab_service": 91, "service": 183}}, {"model": "bhealthapp.labservice", "pk": 92, "fields": {"lab_service": 92, "service": 201}}, {"model": "bhealthapp.labservice", "pk": 93, "fields": {"lab_service": 93, "service": 215}}, {"model": "bhealthapp.labservice", "pk": 94, "fields": {"lab_service": 94, "service": 216}}, {"model": "bhealthapp.labservice", "pk": 95, "fields": {"lab_service": 95, "service": 218}}, {"model": "bhealthapp.labservice", "pk": 96, "fields": {"lab_service": 96, "service": 2118}}, {"model": "bhealthapp.labservice", "pk": 97, "fields": {"lab_service": 97, "service": 959}}, {"model": "bhealthapp.labservice", "pk": 98, "fields": {"lab_service": 98, "service": 969}}, {"model": "bhealthapp.labservice", "pk": 99, "fields": {"lab_service": 99, "service": 167}}, {"model": "bhealthapp.labservice", "pk": 100, "fields": {"lab_service": 100, "service": 178}}, {"model": "bhealthapp.labservice", "pk": 101, "fields": {"lab_service": 101, "service": 167}}, {"model": "bhealthapp.appointment", "pk": 1, "fields": {"lab_appointment": 1, "service_appointment": 167, "patient": 1, "date": "2022-04-22T10:34:23Z", "status": 0}}, {"model": "bhealthapp.result", "pk": 1, "fields": {"appointment": 1, "pdf": "EuismodScelerisque.xls"}}, {"model": "bhealthapp.result", "pk": 2, "fields": {"appointment": 1, "pdf": "pdf/Accident-Claim-Medical-Report.pdf.zip"}}, {"model": "bhealthapp.result", "pk": 3, "fields": {"appointment": 1, "pdf": "pdf/Annual-Medical-Examination-Report.zip"}}, {"model": "bhealthapp.result", "pk": 4, "fields": {"appointment": 1, "pdf": "pdf/Doctor-Medical-Report.pdf.zip"}}, {"model": "bhealthapp.result", "pk": 5, "fields": {"appointment": 1, "pdf": "pdf/Patient-Medical-History-Report.pdf.zip"}}, {"model": "bhealthapp.result", "pk": 7, "fields": {"appointment": 1, "pdf": "SitAmet.ppt"}}, {"model": "bhealthapp.result", "pk": 8, "fields": {"appointment": 1, "pdf": "EuTinciduntIn.ppt"}}, {"model": "bhealthapp.result", "pk": 89, "fields": {"appointment": 1, "pdf": "Sociis.ppt"}}, {"model": "bhealthapp.result", "pk": 90, "fields": {"appointment": 1, "pdf": "Parturient.png"}}, {"model": "bhealthapp.result", "pk": 91, "fields": {"appointment": 1, "pdf": "NislNuncNisl.mp3"}}, {"model": "bhealthapp.result", "pk": 92, "fields": {"appointment": 1, "pdf": "MagnaBibendum.gif"}}, {"model": "bhealthapp.result", "pk": 93, "fields": {"appointment": 1, "pdf": "Accumsan.xls"}}, {"model": "bhealthapp.result", "pk": 94, "fields": {"appointment": 1, "pdf": "SitAmetErat.xls"}}, {"model": "bhealthapp.result", "pk": 95, "fields": {"appointment": 1, "pdf": "Tincidunt.ppt"}}, {"model": "bhealthapp.result", "pk": 97, "fields": {"appointment": 1, "pdf": "Amet.avi"}}, {"model": "bhealthapp.result", "pk": 98, "fields": {"appointment": 1, "pdf": "MassaIdNisl.avi"}}, {"model": "bhealthapp.result", "pk": 99, "fields": {"appointment": 1, "pdf": "VivamusTortor.xls"}}, {"model": "bhealthapp.result", "pk": 100, "fields": {"appointment": 1, "pdf": "Luctus.jpeg"}}, {"model": "bhealthapp.result", "pk": 101, "fields": {"appointment": 1, "pdf": "src/results/Patient Medical History Report.pdf"}}, {"model": "bhealthapp.result", "pk": 102, "fields": {"appointment": 1, "pdf": "EtiamPretium.avi"}}, {"model": "bhealthapp.result", "pk": 103, "fields": {"appointment": 1, "pdf": "ElitAcNulla.xls"}}, {"model": "bhealthapp.result", "pk": 104, "fields": {"appointment": 1, "pdf": "Orci.mov"}}, {"model": "bhealthapp.result", "pk": 105, "fields": {"appointment": 1, "pdf": "AtNibhIn.mp3"}}, {"model": "bhealthapp.result", "pk": 107, "fields": {"appointment": 1, "pdf": "src/results/Patient Medical History Report.pdf"}}, {"model": "bhealthapp.result", "pk": 108, "fields": {"appointment": 1, "pdf": "src/results/Patient Medical History Report.pdf"}}, {"model": "bhealthapp.result", "pk": 109, "fields": {"appointment": 1, "pdf": "src/results/Patient Medical History Report.pdf"}}, {"model": "bhealthapp.result", "pk": 110, "fields": {"appointment": 1, "pdf": "src/results/Patient Medical History Report.pdf"}}, {"model": "bhealthapp.result", "pk": 111, "fields": {"appointment": 1, "pdf": "Result.pdf"}}, {"model": "bhealthapp.result", "pk": 112, "fields": {"appointment": 1, "pdf": "src/results/Patient Medical History Report.pdf"}}, {"model": "bhealthapp.result", "pk": 113, "fields": {"appointment": 1, "pdf": "src/results/Patient Medical History Report.pdf"}}, {"model": "bhealthapp.notification", "pk": 1, "fields": {"notification_appointment": 1, "message": "Vivamus vestibulum sagittis sapien. Cum sociis natoque penatibus et magnis dis parturient montes, nascetur ridiculus mus.", "is_confirmed": false}}, {"model": "bhealthapp.notification", "pk": 2, "fields": {"notification_appointment": 1, "message": "Proin interdum mauris non ligula pellentesque ultrices. Phasellus id sapien in sapien iaculis congue. Vivamus metus arcu, adipiscing molestie, hendrerit at, vulputate vitae, nisl.", "is_confirmed": false}}, {"model": "bhealthapp.notification", "pk": 3, "fields": {"notification_appointment": 1, "message": "Morbi vestibulum, velit id pretium iaculis, diam erat fermentum justo, nec condimentum neque sapien placerat ante. Nulla justo. Aliquam quis turpis eget elit sodales scelerisque. Mauris sit amet eros. Suspendisse accumsan tortor quis turpis. Sed ante. Vivamus tortor. Duis mattis egestas metus.", "is_confirmed": false}}, {"model": "bhealthapp.notification", "pk": 4, "fields": {"notification_appointment": 1, "message": "Vestibulum ac est lacinia nisi venenatis tristique. Fusce congue, diam id ornare imperdiet, sapien urna pretium nisl, ut volutpat sapien arcu sed augue. Aliquam erat volutpat. In congue. Etiam justo. Etiam pretium iaculis justo. In hac habitasse platea dictumst. Etiam faucibus cursus urna. Ut tellus.", "is_confirmed": true}}, {"model": "bhealthapp.notification", "pk": 5, "fields": {"notification_appointment": 1, "message": "Maecenas ut massa quis augue luctus tincidunt. Nulla mollis molestie lorem. Quisque ut erat. Curabitur gravida nisi at nibh. In hac habitasse platea dictumst. Aliquam augue quam, sollicitudin vitae, consectetuer eget, rutrum at, lorem. Integer tincidunt ante vel ipsum.", "is_confirmed": true}}, {"model": "bhealthapp.notification", "pk": 6, "fields": {"notification_appointment": 1, "message": "Quisque porta volutpat erat.", "is_confirmed": true}}, {"model": "bhealthapp.notification", "pk": 7, "fields": {"notification_appointment": 1, "message": "Aenean fermentum. Donec ut mauris eget massa tempor convallis. Nulla neque libero, convallis eget, eleifend luctus, ultricies eu, nibh. Quisque id justo sit amet sapien dignissim vestibulum. Vestibulum ante ipsum primis in faucibus orci luctus et ultrices posuere cubilia Curae; Nulla dapibus dolor vel est. Donec odio justo, sollicitudin ut, suscipit a, feugiat et, eros.", "is_confirmed": false}}, {"model": "bhealthapp.notification", "pk": 8, "fields": {"notification_appointment": 1, "message": "Maecenas tincidunt lacus at velit. Vivamus vel nulla eget eros elementum pellentesque. Quisque porta volutpat erat. Quisque erat eros, viverra eget, congue eget, semper rutrum, nulla. Nunc purus. Phasellus in felis. Donec semper sapien a libero. Nam dui.", "is_confirmed": false}}, {"model": "bhealthapp.notification", "pk": 9, "fields": {"notification_appointment": 1, "message": "Vivamus in felis eu sapien cursus vestibulum. Proin eu mi. Nulla ac enim.", "is_confirmed": false}}, {"model": "bhealthapp.notification", "pk": 10, "fields": {"notification_appointment": 1, "message": "Nulla neque libero, convallis eget, eleifend luctus, ultricies eu, nibh. Quisque id justo sit amet sapien dignissim vestibulum. Vestibulum ante ipsum primis in faucibus orci luctus et ultrices posuere cubilia Curae; Nulla dapibus dolor vel est. Donec odio justo, sollicitudin ut, suscipit a, feugiat et, eros. Vestibulum ac est lacinia nisi venenatis tristique. Fusce congue, diam id ornare imperdiet, sapien urna pretium nisl, ut volutpat sapien arcu sed augue. Aliquam erat volutpat.", "is_confirmed": false}}, {"model": "bhealthapp.notification", "pk": 11, "fields": {"notification_appointment": 1, "message": "Donec odio justo, sollicitudin ut, suscipit a, feugiat et, eros. Vestibulum ac est lacinia nisi venenatis tristique. Fusce congue, diam id ornare imperdiet, sapien urna pretium nisl, ut volutpat sapien arcu sed augue. Aliquam erat volutpat. In congue. Etiam justo. Etiam pretium iaculis justo.", "is_confirmed": true}}, {"model": "bhealthapp.notification", "pk": 12, "fields": {"notification_appointment": 1, "message": "Aenean sit amet justo. Morbi ut odio.", "is_confirmed": true}}, {"model": "bhealthapp.notification", "pk": 13, "fields": {"notification_appointment": 1, "message": "Morbi non quam nec dui luctus rutrum. Nulla tellus.", "is_confirmed": false}}, {"model": "bhealthapp.notification", "pk": 14, "fields": {"notification_appointment": 1, "message": "In quis justo. Maecenas rhoncus aliquam lacus. Morbi quis tortor id nulla ultrices aliquet.", "is_confirmed": true}}, {"model": "bhealthapp.notification", "pk": 15, "fields": {"notification_appointment": 1, "message": "Donec semper sapien a libero.", "is_confirmed": false}}, {"model": "bhealthapp.notification", "pk": 16, "fields": {"notification_appointment": 1, "message": "In eleifend quam a odio. In hac habitasse platea dictumst. Maecenas ut massa quis augue luctus tincidunt. Nulla mollis molestie lorem. Quisque ut erat.", "is_confirmed": true}}, {"model": "bhealthapp.notification", "pk": 17, "fields": {"notification_appointment": 1, "message": "Etiam faucibus cursus urna. Ut tellus. Nulla ut erat id mauris vulputate elementum. Nullam varius. Nulla facilisi. Cras non velit nec nisi vulputate nonummy. Maecenas tincidunt lacus at velit. Vivamus vel nulla eget eros elementum pellentesque. Quisque porta volutpat erat. Quisque erat eros, viverra eget, congue eget, semper rutrum, nulla.", "is_confirmed": true}}, {"model": "bhealthapp.notification", "pk": 18, "fields": {"notification_appointment": 1, "message": "Integer aliquet, massa id lobortis convallis, tortor risus dapibus augue, vel accumsan tellus nisi eu orci. Mauris lacinia sapien quis libero. Nullam sit amet turpis elementum ligula vehicula consequat. Morbi a ipsum. Integer a nibh. In quis justo. Maecenas rhoncus aliquam lacus. Morbi quis tortor id nulla ultrices aliquet.", "is_confirmed": true}}, {"model": "bhealthapp.notification", "pk": 19, "fields": {"notification_appointment": 1, "message": "Vestibulum ante ipsum primis in faucibus orci luctus et ultrices posuere cubilia Curae; Nulla dapibus dolor vel est. Donec odio justo, sollicitudin ut, suscipit a, feugiat et, eros. Vestibulum ac est lacinia nisi venenatis tristique. Fusce congue, diam id ornare imperdiet, sapien urna pretium nisl, ut volutpat sapien arcu sed augue. Aliquam erat volutpat. In congue. Etiam justo. Etiam pretium iaculis justo. In hac habitasse platea dictumst. Etiam faucibus cursus urna.", "is_confirmed": true}}, {"model": "bhealthapp.notification", "pk": 20, "fields": {"notification_appointment": 1, "message": "Morbi ut odio. Cras mi pede, malesuada in, imperdiet et, commodo vulputate, justo. In blandit ultrices enim. Lorem ipsum dolor sit amet, consectetuer adipiscing elit. Proin interdum mauris non ligula pellentesque ultrices. Phasellus id sapien in sapien iaculis congue. Vivamus metus arcu, adipiscing molestie, hendrerit at, vulputate vitae, nisl.", "is_confirmed": true}}, {"model": "bhealthapp.notification", "pk": 21, "fields": {"notification_appointment": 1, "message": "Sed ante. Vivamus tortor. Duis mattis egestas metus.", "is_confirmed": false}}, {"model": "bhealthapp.notification", "pk": 22, "fields": {"notification_appointment": 1, "message": "Donec odio justo, sollicitudin ut, suscipit a, feugiat et, eros. Vestibulum ac est lacinia nisi venenatis tristique. Fusce congue, diam id ornare imperdiet, sapien urna pretium nisl, ut volutpat sapien arcu sed augue. Aliquam erat volutpat. In congue. Etiam justo. Etiam pretium iaculis justo. In hac habitasse platea dictumst.", "is_confirmed": true}}, {"model": "bhealthapp.notification", "pk": 23, "fields": {"notification_appointment": 1, "message": "Nullam varius. Nulla facilisi. Cras non velit nec nisi vulputate nonummy. Maecenas tincidunt lacus at velit. Vivamus vel nulla eget eros elementum pellentesque. Quisque porta volutpat erat. Quisque erat eros, viverra eget, congue eget, semper rutrum, nulla. Nunc purus.", "is_confirmed": true}}, {"model": "bhealthapp.notification", "pk": 24, "fields": {"notification_appointment": 1, "message": "Morbi quis tortor id nulla ultrices aliquet. Maecenas leo odio, condimentum id, luctus nec, molestie sed, justo. Pellentesque viverra pede ac diam. Cras pellentesque volutpat dui. Maecenas tristique, est et tempus semper, est quam pharetra magna, ac consequat metus sapien ut nunc. Vestibulum ante ipsum primis in faucibus orci luctus et ultrices posuere cubilia Curae; Mauris viverra diam vitae quam. Suspendisse potenti. Nullam porttitor lacus at turpis.", "is_confirmed": true}}, {"model": "bhealthapp.notification", "pk": 25, "fields": {"notification_appointment": 1, "message": "Nam dui. Proin leo odio, porttitor id, consequat in, consequat ut, nulla. Sed accumsan felis. Ut at dolor quis odio consequat varius. Integer ac leo. Pellentesque ultrices mattis odio. Donec vitae nisi. Nam ultrices, libero non mattis pulvinar, nulla pede ullamcorper augue, a suscipit nulla elit ac nulla.", "is_confirmed": true}}]